"Date","Action","Symbol","Description","Quantity","Price","Fees & Comm","Amount"
"12/30/2025","Credit Interest","","SCHWAB1 INT 11/26-12/29","","","","$0.83"
"12/30/2025","Buy","ASTS","AST SPACEMOBILE INC CLASS A","25","$77.215","","-$1930.38"
"12/30/2025","Buy to Open","ORCL 01/02/2026 202.50 C","CALL ORACLE CORP $202.5 EXP 01/02/26","1","$1.16","$0.66","-$116.66"
"12/29/2025","Buy to Open","MU 01/09/2026 320.00 C","CALL MICRON TECHNOLOGY I$320 EXP 01/09/26","1","$2.36","$0.66","-$236.66"
"12/29/2025","Cash Dividend","MSTY","TIDAL TR II YIELDMAX MSTR OPTION INCOME STRATEGY ETF NEW","","","","$5.11"
"12/29/2025 as of 12/26/2025","Expired","ORCL 12/26/2025 202.50 C","CALL ORACLE CORP $202.5 EXP 12/26/25","-13","","",""
"12/26/2025 as of 12/24/2025","MoneyLink Transfer","","Tfr WELLS FARGO BANK N, IRIS P CAMPOS","","","","$50.00"
"12/24/2025","Buy to Open","ORCL 12/26/2025 202.50 C","CALL ORACLE CORP $202.5 EXP 12/26/25","10","$0.42","$6.61","-$426.61"
"12/22/2025","Buy to Open","ORCL 12/26/2025 202.50 C","CALL ORACLE CORP $202.5 EXP 12/26/25","3","$1.60","$1.98","-$481.98"
"12/19/2025","Buy","ONDS","ONDAS HLDGS INC","200","$9.02","","-$1804.00"
"12/19/2025","Cash Dividend","MSTY","TIDAL TR II YIELDMAX MSTR OPTION INCOME STRATEGY ETF NEW","","","","$3.87"
"12/19/2025 as of 12/18/2025","MoneyLink Transfer","","Tfr WELLS FARGO BANK N, IRIS P CAMPOS","","","","$50.00"
"12/17/2025","Sell to Close","MU 12/19/2025 260.00 C","CALL MICRON TECHNOLOGY I$260 EXP 12/19/25","1","$2.93","$0.66","$292.34"
"12/16/2025","Buy to Open","MU 12/19/2025 260.00 C","CALL MICRON TECHNOLOGY I$260 EXP 12/19/25","1","$2.92","$0.66","-$292.66"
"12/15/2025","Sell to Close","SPXW 12/15/2025 6800.00 P","PUT S & P ...500 INDEX $6800 EXP 12/15/25","1","$5.00","$1.22","$498.78"
"12/15/2025","Sell to Close","SPXW 12/15/2025 6800.00 P","PUT S & P ...500 INDEX $6800 EXP 12/15/25","2","$4.90","$2.44","$977.56"
"12/15/2025","Buy to Open","SPXW 12/15/2025 6800.00 P","PUT S & P ...500 INDEX $6800 EXP 12/15/25","3","$4.20","$3.66","-$1263.66"
"12/15/2025 as of 12/12/2025","Expired","ASML 12/12/2025 1150.00 C","CALL ASML HLDG N V $1150 EXP 12/12/25","-1","","",""
"12/15/2025 as of 12/12/2025","Expired","NVDA 12/12/2025 195.00 C","CALL NVIDIA CORP $195 EXP 12/12/25","-1","","",""
"12/15/2025 as of 12/12/2025","Expired","NVDA 12/12/2025 190.00 C","CALL NVIDIA CORP $190 EXP 12/12/25","-1","","",""
"12/12/2025","Cash Dividend","MSTY","TIDAL TR II YIELDMAX MSTR OPTION INCOME STRATEGY ETF NEW","","","","$5.86"
"12/12/2025","Sell to Close","AVGO 12/12/2025 360.00 P","PUT BROADCOM INC $360 EXP 12/12/25","1","$3.35","$0.66","$334.34"
"12/12/2025","Sell to Close","SPXW 12/12/2025 6810.00 P","PUT S & P ...500 INDEX $6810 EXP 12/12/25","1","$4.40","$1.22","$438.78"
"12/12/2025","Buy to Open","SPXW 12/12/2025 6810.00 P","PUT S & P ...500 INDEX $6810 EXP 12/12/25","1","$3.30","$1.22","-$331.22"
"12/12/2025","Buy to Open","AVGO 12/12/2025 360.00 P","PUT BROADCOM INC $360 EXP 12/12/25","1","$1.53","$0.66","-$153.66"
"12/12/2025","Buy to Open","ONDS 06/18/2026 12.00 C","CALL ONDAS HLDGS INC $12 EXP 06/18/26","1","$2.46","$0.66","-$246.66"
"12/12/2025","Buy","ONDS","ONDAS HLDGS INC","100","$9.00","","-$900.00"
"12/12/2025 as of 12/11/2025","MoneyLink Transfer","","Tfr WELLS FARGO BANK N, IRIS P CAMPOS","","","","$50.00"
"12/11/2025","Sell to Close","ASML 12/12/2025 1130.00 C","CALL ASML HLDG N V $1130 EXP 12/12/25","1","$6.90","$0.66","$689.34"
"12/11/2025","Sell to Close","SPXW 12/11/2025 6900.00 C","CALL S & P ...500 INDEX $6900 EXP 12/11/25","1","$3.90","$1.22","$388.78"
"12/11/2025","Buy to Open","SPXW 12/11/2025 6900.00 C","CALL S & P ...500 INDEX $6900 EXP 12/11/25","1","$2.15","$1.22","-$216.22"
"12/11/2025","Buy to Open","ASML 12/12/2025 1130.00 C","CALL ASML HLDG N V $1130 EXP 12/12/25","1","$3.85","$0.66","-$385.66"
"12/10/2025","Sell to Close","OKLO 12/12/2025 102.00 C","CALL OKLO INC $102 EXP 12/12/25","1","$5.14","$0.66","$513.34"
"12/10/2025","Buy to Open","OKLO 12/12/2025 102.00 C","CALL OKLO INC $102 EXP 12/12/25","1","$3.15","$0.66","-$315.66"
"12/09/2025","Sell to Close","DUOL 12/12/2025 220.00 C","CALL DUOLINGO INC $220 EXP 12/12/25","1","$2.40","$0.66","$239.34"
"12/09/2025","Sell to Close","APP 12/12/2025 730.00 C","CALL APPLOVIN CORP $730 EXP 12/12/25","1","$9.12","$0.66","$911.34"
"12/09/2025","Buy to Open","APP 12/12/2025 730.00 C","CALL APPLOVIN CORP $730 EXP 12/12/25","1","$6.60","$0.66","-$660.66"
"12/09/2025","Buy to Open","ASML 12/12/2025 1150.00 C","CALL ASML HLDG N V $1150 EXP 12/12/25","1","$5.00","$0.66","-$500.66"
"12/08/2025","Buy to Open","NVDA 12/12/2025 190.00 C","CALL NVIDIA CORP $190 EXP 12/12/25","1","$2.26","$0.66","-$226.66"
"12/08/2025","Buy to Open","NVDA 12/12/2025 195.00 C","CALL NVIDIA CORP $195 EXP 12/12/25","1","$0.96","$0.66","-$96.66"
"12/08/2025","Sell to Close","SPXW 12/08/2025 6800.00 P","PUT S & P ...500 INDEX $6800 EXP 12/08/25","1","$1.05","$1.22","$103.78"
"12/08/2025","Buy to Open","SPXW 12/08/2025 6800.00 P","PUT S & P ...500 INDEX $6800 EXP 12/08/25","1","$0.95","$1.13","-$96.13"
"12/08/2025","Reverse Split","MSTY","TIDAL TR II YIELDMAX MSTR OPTION INCOME STRATEGY ETF NEW","10","","",""
"12/08/2025","Reverse Split","88634T493","YIELDMAX MSTR OPT INCXXXREVERSE SPLIT EFF: 12/08/25","-50","","",""
"12/08/2025 as of 12/05/2025","Expired","UNH 12/05/2025 350.00 C","CALL UNITEDHEALTH GROUP $350 EXP 12/05/25","-2","","",""
"12/08/2025 as of 12/05/2025","Expired","NVDA 12/05/2025 185.00 C","CALL NVIDIA CORP $185 EXP 12/05/25","-1","","",""
"12/08/2025 as of 12/05/2025","Expired","AMD 12/05/2025 225.00 C","CALL ADVANCED MICRO DEVI$225 EXP 12/05/25","-1","","",""
"12/05/2025","Buy to Open","DUOL 12/12/2025 220.00 C","CALL DUOLINGO INC $220 EXP 12/12/25","1","$1.30","$0.66","-$130.66"
"12/05/2025","Sell to Close","RDDT 12/12/2025 250.00 C","CALL REDDIT INC $250 EXP 12/12/25","1","$3.69","$0.66","$368.34"
"12/05/2025","Buy to Open","AMD 12/05/2025 225.00 C","CALL ADVANCED MICRO DEVI$225 EXP 12/05/25","1","$0.96","$0.66","-$96.66"
"12/05/2025","Buy to Open","RDDT 12/12/2025 250.00 C","CALL REDDIT INC $250 EXP 12/12/25","1","$2.40","$0.66","-$240.66"
"12/05/2025","Cash Dividend","MSTY","YIELDMAX MSTR OPT INCM REVERSE SPLIT EFF: 12/08/25","","","","$6.94"
"12/05/2025 as of 12/04/2025","MoneyLink Transfer","","Tfr WELLS FARGO BANK N, IRIS P CAMPOS","","","","$50.00"
"12/04/2025","Buy to Open","NVDA 12/05/2025 185.00 C","CALL NVIDIA CORP $185 EXP 12/05/25","1","$1.30","$0.66","-$130.66"
"12/03/2025","Sell to Close","CAT 12/05/2025 597.50 C","CALL CATERPILLAR INC $597.5 EXP 12/05/25","1","$3.15","$0.66","$314.34"
"12/03/2025","Buy to Open","UNH 12/05/2025 350.00 C","CALL UNITEDHEALTH GROUP $350 EXP 12/05/25","2","$0.50","$1.32","-$101.32"
"12/03/2025","Buy to Open","CAT 12/05/2025 597.50 C","CALL CATERPILLAR INC $597.5 EXP 12/05/25","1","$2.25","$0.66","-$225.66"
"12/03/2025 as of 12/02/2025","Expired","SPXW 12/02/2025 6875.00 C","CALL S & P ...500 INDEX $6875 EXP 12/02/25","-1","","",""
"12/02/2025","Buy to Open","SPXW 12/02/2025 6875.00 C","CALL S & P ...500 INDEX $6875 EXP 12/02/25","1","$0.80","$1.13","-$81.13"
"12/01/2025","Cash Dividend","MSTY","YIELDMAX MSTR OPT INCM STRTGY ETF","","","","$6.76"
"12/01/2025","Sell to Close","SPXW 12/01/2025 6850.00 C","CALL S & P ...500 INDEX $6850 EXP 12/01/25","1","$2.80","$1.22","$278.78"
"12/01/2025","Buy to Open","SPXW 12/01/2025 6850.00 C","CALL S & P ...500 INDEX $6850 EXP 12/01/25","1","$2.25","$1.22","-$226.22"
"12/01/2025 as of 11/28/2025","Expired","AMD 11/28/2025 225.00 C","CALL ADVANCED MICRO DEVI$225 EXP 11/28/25","-1","","",""
"11/28/2025","Buy","SPY","SPDR S&P ...500 ETF","100","$682.7399","","-$68273.99"
"11/28/2025","Sell to Close","SPXW 11/28/2025 6860.00 C","CALL S & P ...500 INDEX $6860 EXP 11/28/25","3","$0.45","$3.39","$131.61"
"11/28/2025","Buy to Open","SPXW 11/28/2025 6860.00 C","CALL S & P ...500 INDEX $6860 EXP 11/28/25","3","$2.05","$3.66","-$618.66"
"11/28/2025 as of 11/26/2025","Expired","SPY 11/26/2025 681.00 C","CALL SPDR S&P ...500 $681 EXP 11/26/25","-1","","",""
"11/28/2025 as of 11/26/2025","Exchange or Exercise","SPY 11/26/2025 680.00 P","PUT SPDR S&P ...500 $680 EXP 11/26/25","-1","","",""
"11/28/2025 as of 11/26/2025","Sell","SPY","SPDR S&P ...500 ETF","100","$680.00","$0.02","$67999.98"
"11/28/2025 as of 11/26/2025","MoneyLink Transfer","","Tfr WELLS FARGO BANK N, IRIS P CAMPOS","","","","$50.00"
"11/26/2025","Credit Interest","","SCHWAB1 INT 10/30-11/25","","","","$0.87"
"11/26/2025","Buy to Open","SPY 11/26/2025 680.00 P","PUT SPDR S&P ...500 $680 EXP 11/26/25","1","$0.54","$0.66","-$54.66"
"11/26/2025","Buy to Open","SPY 11/26/2025 681.00 C","CALL SPDR S&P ...500 $681 EXP 11/26/25","1","$0.35","$0.66","-$35.66"
"11/26/2025","Sell to Close","SPXW 11/26/2025 6845.00 C","CALL S & P ...500 INDEX $6845 EXP 11/26/25","2","$2.30","$2.44","$457.56"
"11/26/2025","Buy to Open","SPXW 11/26/2025 6845.00 C","CALL S & P ...500 INDEX $6845 EXP 11/26/25","2","$1.05","$2.44","-$212.44"
"11/26/2025","Journal","MSTY","YIELDMAX MSTR OPT INCM STRTGY ETF","-50","","",""
"11/26/2025","Journal","MSTY","YIELDMAX MSTR OPT INCM STRTGY ETF","50","","",""
"11/26/2025","Journal","BULL 01/16/2026 15.00 C","CALL WEBULL CORP $15 EXP 01/16/26","-3","","",""
"11/26/2025","Journal","BULL 01/16/2026 15.00 C","CALL WEBULL CORP $15 EXP 01/16/26","3","","",""
"11/26/2025","Journal","JD 01/16/2026 40.00 C","CALL JD COM INC $40 EXP 01/16/26","-5","","",""
"11/26/2025","Journal","JD 01/16/2026 40.00 C","CALL JD COM INC $40 EXP 01/16/26","5","","",""
"11/26/2025","Journal","AMD 11/28/2025 225.00 C","CALL ADVANCED MICRO DEVI$225 EXP 11/28/25","-1","","",""
"11/26/2025","Journal","AMD 11/28/2025 225.00 C","CALL ADVANCED MICRO DEVI$225 EXP 11/28/25","1","","",""
"11/26/2025","Journal","BFLY 01/16/2026 4.00 C","CALL BUTTERFLY NETWORK I$4 EXP 01/16/26","-10","","",""
"11/26/2025","Journal","BFLY 01/16/2026 4.00 C","CALL BUTTERFLY NETWORK I$4 EXP 01/16/26","10","","",""
"11/24/2025","Buy to Open","AMD 11/28/2025 225.00 C","CALL ADVANCED MICRO DEVI$225 EXP 11/28/25","1","$1.74","$0.66","-$174.66"
"11/24/2025","Sell to Close","SPXW 11/24/2025 6720.00 C","CALL S & P ...500 INDEX $6720 EXP 11/24/25","5","$1.10","$6.10","$543.90"
"11/24/2025","Buy to Open","SPXW 11/24/2025 6720.00 C","CALL S & P ...500 INDEX $6720 EXP 11/24/25","5","$2.60","$6.10","-$1306.10"
"11/24/2025","Sell to Close","SPXW 11/24/2025 6720.00 C","CALL S & P ...500 INDEX $6720 EXP 11/24/25","5","$2.40","$6.10","$1193.90"
"11/24/2025","Sell to Close","SPXW 11/24/2025 6550.00 P","PUT S & P ...500 INDEX $6550 EXP 11/24/25","5","$0.50","$5.65","$244.35"
"11/24/2025","Sell to Close","SPXW 11/24/2025 6550.00 P","PUT S & P ...500 INDEX $6550 EXP 11/24/25","5","$0.70","$5.65","$344.35"
"11/24/2025","Buy to Open","SPXW 11/24/2025 6720.00 C","CALL S & P ...500 INDEX $6720 EXP 11/24/25","5","$2.40","$6.10","-$1206.10"
"11/24/2025","Buy to Open","SPXW 11/24/2025 6550.00 P","PUT S & P ...500 INDEX $6550 EXP 11/24/25","10","$1.70","$12.21","-$1712.21"
"11/24/2025","Sell to Close","SPXW 11/24/2025 6550.00 P","PUT S & P ...500 INDEX $6550 EXP 11/24/25","10","$1.50","$12.21","$1487.79"
"11/24/2025","Buy to Open","SPXW 11/24/2025 6550.00 P","PUT S & P ...500 INDEX $6550 EXP 11/24/25","10","$3.90","$12.21","-$3912.21"
"11/24/2025 as of 11/21/2025","Expired","MU 11/21/2025 265.00 C","CALL MICRON TECHNOLOGY I$265 EXP 11/21/25","-5","","",""
"11/24/2025 as of 11/21/2025","Expired","COIN 11/21/2025 235.00 P","PUT COINBASE GLOBAL INC $235 EXP 11/21/25","-5","","",""
"11/24/2025 as of 11/21/2025","Expired","MSTR 11/21/2025 165.00 P","PUT STRATEGY INC $165 EXP 11/21/25","-3","","",""
"11/24/2025 as of 11/21/2025","Expired","COIN 11/21/2025 220.00 P","PUT COINBASE GLOBAL INC $220 EXP 11/21/25","-10","","",""
"11/24/2025 as of 11/21/2025","Expired","GS 11/21/2025 840.00 C","CALL GOLDMAN SACHS GROUP$840 EXP 11/21/25","-10","","",""
"11/21/2025","Cash Dividend","MSTY","YIELDMAX MSTR OPT INCM STRTGY ETF","","","","$7.38"
"11/21/2025","Sell to Close","COIN 11/21/2025 235.00 P","PUT COINBASE GLOBAL INC $235 EXP 11/21/25","5","$1.47","$3.31","$731.69"
"11/21/2025","Buy to Open","COIN 11/21/2025 235.00 P","PUT COINBASE GLOBAL INC $235 EXP 11/21/25","10","$0.88","$6.61","-$886.61"
"11/21/2025","Buy to Open","COIN 11/21/2025 220.00 P","PUT COINBASE GLOBAL INC $220 EXP 11/21/25","10","$0.305","$6.61","-$311.61"
"11/21/2025","Buy to Open","MSTR 11/21/2025 165.00 P","PUT STRATEGY INC $165 EXP 11/21/25","3","$0.90","$1.98","-$271.98"
"11/21/2025 as of 11/20/2025","Expired","SPXW 11/20/2025 6660.00 C","CALL S & P ...500 INDEX $6660 EXP 11/20/25","-1","","",""
"11/21/2025 as of 11/20/2025","MoneyLink Transfer","","Tfr WELLS FARGO BANK N, IRIS P CAMPOS","","","","$50.00"
"11/20/2025","Buy to Open","SPXW 11/20/2025 6660.00 C","CALL S & P ...500 INDEX $6660 EXP 11/20/25","1","$1.05","$1.22","-$106.22"
"11/20/2025","Sell to Close","AMD 11/21/2025 205.00 P","PUT ADVANCED MICRO DEVIC$205 EXP 11/21/25","1","$1.32","$0.66","$131.34"
"11/20/2025","Sell to Close","SPXW 11/20/2025 6775.00 C","CALL S & P ...500 INDEX $6775 EXP 11/20/25","5","$0.49","$5.65","$239.35"
"11/20/2025","Buy to Open","SPXW 11/20/2025 6775.00 C","CALL S & P ...500 INDEX $6775 EXP 11/20/25","5","$1.15","$6.10","-$581.10"
"11/20/2025","Sell to Close","SPXW 11/20/2025 6650.00 P","PUT S & P ...500 INDEX $6650 EXP 11/20/25","1","$6.00","$1.22","$598.78"
"11/20/2025","Buy to Open","SPXW 11/20/2025 6650.00 P","PUT S & P ...500 INDEX $6650 EXP 11/20/25","1","$2.30","$1.22","-$231.22"
"11/20/2025","Buy to Open","GS 11/21/2025 840.00 C","CALL GOLDMAN SACHS GROUP$840 EXP 11/21/25","10","$0.58","$6.61","-$586.61"
"11/20/2025","Sell to Close","AMD 11/21/2025 232.50 C","CALL ADVANCED MICRO DEVI$232.5 EXP 11/21/25","1","$4.06","$0.66","$405.34"
"11/19/2025","Buy to Open","MU 11/21/2025 265.00 C","CALL MICRON TECHNOLOGY I$265 EXP 11/21/25","5","$0.24","$3.30","-$123.30"
"11/19/2025","Buy to Open","AMD 11/21/2025 232.50 C","CALL ADVANCED MICRO DEVI$232.5 EXP 11/21/25","1","$2.16","$0.66","-$216.66"
"11/19/2025","Buy to Open","AMD 11/21/2025 205.00 P","PUT ADVANCED MICRO DEVIC$205 EXP 11/21/25","1","$1.22","$0.66","-$122.66"
"11/19/2025","Sell to Close","SPXW 11/19/2025 6580.00 P","PUT S & P ...500 INDEX $6580 EXP 11/19/25","10","$7.70","$12.21","$7687.79"
"11/19/2025","Buy to Open","SPXW 11/19/2025 6580.00 P","PUT S & P ...500 INDEX $6580 EXP 11/19/25","10","$4.70","$12.21","-$4712.21"
"11/19/2025","Sell to Close","SPXW 11/19/2025 6580.00 P","PUT S & P ...500 INDEX $6580 EXP 11/19/25","10","$2.855","$12.21","$2842.79"
"11/19/2025","Buy to Open","SPXW 11/19/2025 6580.00 P","PUT S & P ...500 INDEX $6580 EXP 11/19/25","10","$4.30","$12.21","-$4312.21"
"11/19/2025","Sell to Close","SPXW 11/19/2025 6580.00 P","PUT S & P ...500 INDEX $6580 EXP 11/19/25","10","$3.50","$12.21","$3487.79"
"11/19/2025","Buy to Open","SPXW 11/19/2025 6580.00 P","PUT S & P ...500 INDEX $6580 EXP 11/19/25","10","$4.30","$12.21","-$4312.21"
"11/19/2025","Sell to Close","SPXW 11/19/2025 6580.00 P","PUT S & P ...500 INDEX $6580 EXP 11/19/25","10","$2.805","$12.21","$2792.79"
"11/19/2025","Buy to Open","SPXW 11/19/2025 6580.00 P","PUT S & P ...500 INDEX $6580 EXP 11/19/25","10","$4.10","$12.21","-$4112.21"
"11/19/2025","Sell to Close","SPXW 11/19/2025 6600.00 P","PUT S & P ...500 INDEX $6600 EXP 11/19/25","10","$3.80","$12.21","$3787.79"
"11/19/2025","Buy to Open","SPXW 11/19/2025 6600.00 P","PUT S & P ...500 INDEX $6600 EXP 11/19/25","10","$3.00","$12.21","-$3012.21"
"11/19/2025","Sell to Close","MU 11/21/2025 265.00 C","CALL MICRON TECHNOLOGY I$265 EXP 11/21/25","10","$0.41","$6.64","$403.36"
"11/19/2025","Buy to Open","MU 11/21/2025 265.00 C","CALL MICRON TECHNOLOGY I$265 EXP 11/21/25","10","$0.317","$6.61","-$323.61"
"11/18/2025","Sell to Close","MU 11/21/2025 265.00 C","CALL MICRON TECHNOLOGY I$265 EXP 11/21/25","2","$0.65","$1.33","$128.67"
"11/18/2025","Sell to Close","GS 11/21/2025 800.00 C","CALL GOLDMAN SACHS GROUP$800 EXP 11/21/25","1","$6.63","$0.66","$662.34"
"11/18/2025","Sell to Close","SPY 11/18/2025 655.00 P","PUT SPDR S&P ...500 $655 EXP 11/18/25","10","$0.35","$6.64","$343.36"
"11/18/2025","Buy to Open","SPY 11/18/2025 655.00 P","PUT SPDR S&P ...500 $655 EXP 11/18/25","10","$0.83","$6.61","-$836.61"
"11/18/2025","Buy to Open","GS 11/21/2025 800.00 C","CALL GOLDMAN SACHS GROUP$800 EXP 11/21/25","1","$4.27","$0.66","-$427.66"
"11/18/2025","Buy to Open","MU 11/21/2025 265.00 C","CALL MICRON TECHNOLOGY I$265 EXP 11/21/25","2","$0.55","$1.32","-$111.32"
"11/18/2025","Sell to Close","SPY 11/18/2025 655.00 P","PUT SPDR S&P ...500 $655 EXP 11/18/25","10","$1.42","$6.64","$1413.36"
"11/18/2025","Buy to Open","SPY 11/18/2025 655.00 P","PUT SPDR S&P ...500 $655 EXP 11/18/25","10","$1.37","$6.61","-$1376.61"
"11/18/2025","Sell to Close","SPY 11/18/2025 655.00 P","PUT SPDR S&P ...500 $655 EXP 11/18/25","3","$1.68","$1.99","$502.01"
"11/18/2025","Buy to Open","SPY 11/18/2025 655.00 P","PUT SPDR S&P ...500 $655 EXP 11/18/25","3","$1.65","$1.98","-$496.98"
"11/17/2025","Sell to Close","SPXW 11/17/2025 6600.00 P","PUT S & P ...500 INDEX $6600 EXP 11/17/25","3","$0.90","$3.39","$266.61"
"11/17/2025","Buy to Open","SPXW 11/17/2025 6600.00 P","PUT S & P ...500 INDEX $6600 EXP 11/17/25","3","$0.35","$3.39","-$108.39"
"11/17/2025","Sell to Close","SPXW 11/17/2025 6620.00 P","PUT S & P ...500 INDEX $6620 EXP 11/17/25","10","$1.80","$12.21","$1787.79"
"11/17/2025","Buy to Open","SPXW 11/17/2025 6620.00 P","PUT S & P ...500 INDEX $6620 EXP 11/17/25","10","$1.05","$12.21","-$1062.21"
"11/17/2025","Sell to Close","SPXW 11/17/2025 6650.00 P","PUT S & P ...500 INDEX $6650 EXP 11/17/25","5","$1.20","$6.10","$593.90"
"11/17/2025","Buy to Open","SPXW 11/17/2025 6650.00 P","PUT S & P ...500 INDEX $6650 EXP 11/17/25","5","$1.60","$6.10","-$806.10"
"11/17/2025","Sell","CIFR","CIPHER MNG INC","200","$14.145","$0.03","$2828.97"
"11/17/2025","Buy to Close","CIFR 12/05/2025 15.00 C","CALL CIPHER MNG INC $15 EXP 12/05/25","2","$1.18","$1.32","-$237.32"
"11/17/2025","Sell to Close","TSLA 11/21/2025 440.00 C","CALL TESLA INC $440 EXP 11/21/25","1","$3.50","$0.66","$349.34"
"11/17/2025","Sell to Open","CIFR 12/05/2025 15.00 C","CALL CIPHER MNG INC $15 EXP 12/05/25","2","$1.23","$1.33","$244.67"
"11/17/2025","Sell to Close","SPXW 11/17/2025 6680.00 P","PUT S & P ...500 INDEX $6680 EXP 11/17/25","1","$7.90","$1.22","$788.78"
"11/17/2025","Buy to Open","SPXW 11/17/2025 6680.00 P","PUT S & P ...500 INDEX $6680 EXP 11/17/25","1","$4.90","$1.22","-$491.22"
"11/17/2025","Buy to Open","TSLA 11/21/2025 440.00 C","CALL TESLA INC $440 EXP 11/21/25","1","$2.97","$0.66","-$297.66"
"11/17/2025 as of 11/14/2025","Expired","CIFR 11/14/2025 22.00 C","CALL CIPHER MNG INC $22 EXP 11/14/25","2","","",""
"11/17/2025 as of 11/14/2025","Expired","PLTR 11/14/2025 165.00 P","PUT PALANTIR TECHNOLOGIE$165 EXP 11/14/25","-2","","",""
"11/17/2025 as of 11/14/2025","Expired","PLTR 11/14/2025 200.00 C","CALL PALANTIR TECHNOLOGI$200 EXP 11/14/25","-1","","",""
"11/17/2025 as of 11/14/2025","Expired","ORCL 11/14/2025 230.00 C","CALL ORACLE CORP $230 EXP 11/14/25","-3","","",""
"11/17/2025 as of 11/14/2025","Expired","COIN 11/14/2025 295.00 C","CALL COINBASE GLOBAL INC$295 EXP 11/14/25","-1","","",""
"11/14/2025","Cash Dividend","MSTY","YIELDMAX MSTR OPT INCM STRTGY ETF","","","","$8.10"
"11/14/2025","Buy to Open","ORCL 11/14/2025 230.00 C","CALL ORACLE CORP $230 EXP 11/14/25","3","$0.32","$1.98","-$97.98"
"11/14/2025","Buy to Open","COIN 11/14/2025 295.00 C","CALL COINBASE GLOBAL INC$295 EXP 11/14/25","1","$1.01","$0.66","-$101.66"
"11/14/2025","Sell to Close","TSLA 11/14/2025 410.00 C","CALL TESLA INC $410 EXP 11/14/25","3","$1.90","$1.99","$568.01"
"11/14/2025","Buy to Open","TSLA 11/14/2025 410.00 C","CALL TESLA INC $410 EXP 11/14/25","3","$0.90","$1.98","-$271.98"
"11/14/2025 as of 11/13/2025","MoneyLink Transfer","","Tfr WELLS FARGO BANK N, IRIS P CAMPOS","","","","$50.00"
"11/13/2025","Buy to Open","PLTR 11/14/2025 165.00 P","PUT PALANTIR TECHNOLOGIE$165 EXP 11/14/25","2","$1.00","$1.32","-$201.32"
"11/13/2025","Sell to Close","SPXW 11/13/2025 6730.00 P","PUT S & P ...500 INDEX $6730 EXP 11/13/25","1","$11.00","$1.22","$1098.78"
"11/13/2025","Buy to Open","SPXW 11/13/2025 6730.00 P","PUT S & P ...500 INDEX $6730 EXP 11/13/25","1","$3.50","$1.22","-$351.22"
"11/13/2025 as of 11/12/2025","Expired","SPXW 11/12/2025 6900.00 C","CALL S & P ...500 INDEX $6900 EXP 11/12/25","-2","","",""
"11/12/2025","Buy to Open","SPXW 11/12/2025 6900.00 C","CALL S & P ...500 INDEX $6900 EXP 11/12/25","2","$1.05","$2.44","-$212.44"
"11/11/2025","Sell to Close","SPXW 11/12/2025 6900.00 C","CALL S & P ...500 INDEX $6900 EXP 11/12/25","2","$2.15","$2.44","$427.56"
"11/11/2025","Buy to Open","PLTR 11/14/2025 200.00 C","CALL PALANTIR TECHNOLOGI$200 EXP 11/14/25","1","$0.98","$0.66","-$98.66"
"11/11/2025","Buy to Open","SPXW 11/12/2025 6900.00 C","CALL S & P ...500 INDEX $6900 EXP 11/12/25","2","$0.70","$2.26","-$142.26"
"11/10/2025","Sell to Close","PLTR 11/14/2025 200.00 C","CALL PALANTIR TECHNOLOGI$200 EXP 11/14/25","1","$2.38","$0.66","$237.34"
"11/10/2025","Buy to Open","PLTR 11/14/2025 200.00 C","CALL PALANTIR TECHNOLOGI$200 EXP 11/14/25","1","$1.48","$0.66","-$148.66"
"11/10/2025 as of 11/07/2025","Expired","ORCL 11/07/2025 265.00 C","CALL ORACLE CORP $265 EXP 11/07/25","-1","","",""
"11/10/2025 as of 11/07/2025","Expired","ARM 11/07/2025 210.00 C","CALL ARM HLDGS PLC EQUIT$210 EXP 11/07/25","-1","","",""
"11/07/2025","Cash Dividend","MSTY","YIELDMAX MSTR OPT INCM STRTGY ETF","","","","$8.44"
"11/07/2025 as of 11/06/2025","Expired","SPXW 11/06/2025 6870.00 C","CALL S & P ...500 INDEX $6870 EXP 11/06/25","-1","","",""
"11/07/2025 as of 11/06/2025","MoneyLink Transfer","","Tfr WELLS FARGO BANK N, IRIS P CAMPOS","","","","$50.00"
"11/06/2025","Sell to Close","SPXW 11/06/2025 6730.00 P","PUT S & P ...500 INDEX $6730 EXP 11/06/25","1","$7.30","$1.22","$728.78"
"11/06/2025","Buy to Open","SPXW 11/06/2025 6730.00 P","PUT S & P ...500 INDEX $6730 EXP 11/06/25","1","$6.00","$1.22","-$601.22"
"11/05/2025","Buy to Open","ORCL 11/07/2025 265.00 C","CALL ORACLE CORP $265 EXP 11/07/25","1","$0.62","$0.66","-$62.66"
"11/05/2025","Buy to Open","SPXW 11/06/2025 6870.00 C","CALL S & P ...500 INDEX $6870 EXP 11/06/25","1","$2.55","$1.22","-$256.22"
"11/05/2025 as of 11/04/2025","Expired","SPXW 11/04/2025 6860.00 C","CALL S & P ...500 INDEX $6860 EXP 11/04/25","-2","","",""
"11/04/2025","Buy to Open","SPXW 11/04/2025 6860.00 C","CALL S & P ...500 INDEX $6860 EXP 11/04/25","2","$0.90","$2.26","-$182.26"
"11/04/2025","Sell to Close","GS 11/07/2025 820.00 C","CALL GOLDMAN SACHS GROUP$820 EXP 11/07/25","1","$2.72","$0.66","$271.34"
"11/04/2025 as of 11/03/2025","MoneyLink Transfer","","Tfr WELLS FARGO BANK N, IRIS P CAMPOS","","","","$3200.00"
"11/03/2025 as of 10/31/2025","Expired","IREN 10/31/2025 70.00 C","CALL IREN LTD $70 EXP 10/31/25","-1","","",""
"11/03/2025 as of 10/31/2025","Expired","TSLA 10/31/2025 750.00 C","CALL TESLA INC $750 EXP 10/31/25","-25","","",""
"11/03/2025 as of 10/31/2025","Expired","OKLO 10/31/2025 110.00 P","PUT OKLO INC $110 EXP 10/31/25","-3","","",""
"11/03/2025 as of 10/31/2025","Expired","LLY 10/31/2025 880.00 C","CALL ELI LILLY AND CO $880 EXP 10/31/25","-1","","",""
"11/03/2025 as of 10/31/2025","Expired","ISRG 10/31/2025 600.00 C","CALL INTUITIVE SURGICAL $600 EXP 10/31/25","-3","","",""
"11/03/2025 as of 10/31/2025","Expired","ORCL 10/31/2025 300.00 C","CALL ORACLE CORP $300 EXP 10/31/25","-1","","",""
"11/03/2025 as of 10/31/2025","Expired","ORCL 10/31/2025 265.00 C","CALL ORACLE CORP $265 EXP 10/31/25","-2","","",""
"11/03/2025 as of 10/31/2025","Expired","META 10/31/2025 820.00 C","CALL META PLATFORMS INC $820 EXP 10/31/25","-1","","",""
"11/03/2025 as of 10/31/2025","Expired","GS 10/31/2025 820.00 C","CALL GOLDMAN SACHS GROUP$820 EXP 10/31/25","-3","","",""
"11/03/2025 as of 10/31/2025","Expired","CRWV 10/31/2025 150.00 C","CALL COREWEAVE INC $150 EXP 10/31/25","-2","","",""
"11/03/2025 as of 10/31/2025","Expired","COIN 10/31/2025 300.00 P","PUT COINBASE GLOBAL INC $300 EXP 10/31/25","-2","","",""
"11/03/2025 as of 10/31/2025","Expired","COIN 10/31/2025 370.00 C","CALL COINBASE GLOBAL INC$370 EXP 10/31/25","-1","","",""
"11/03/2025 as of 10/31/2025","Expired","ALGN 10/31/2025 160.00 C","CALL ALIGN TECHNOLOGY IN$160 EXP 10/31/25","-2","","",""
"10/31/2025","Cash Dividend","MSTY","YIELDMAX MSTR OPT INCM STRTGY ETF","","","","$9.62"
"10/31/2025","Sell to Close","SPXW 10/31/2025 6830.00 P","PUT S & P ...500 INDEX $6830 EXP 10/31/25","1","$13.50","$1.22","$1348.78"
"10/31/2025","Buy to Open","SPXW 10/31/2025 6830.00 P","PUT S & P ...500 INDEX $6830 EXP 10/31/25","1","$7.90","$1.22","-$791.22"
"10/31/2025","Buy to Open","ORCL 10/31/2025 265.00 C","CALL ORACLE CORP $265 EXP 10/31/25","2","$1.18","$1.32","-$237.32"
"10/31/2025","Buy to Open","GS 11/07/2025 820.00 C","CALL GOLDMAN SACHS GROUP$820 EXP 11/07/25","1","$2.90","$0.66","-$290.66"
"10/31/2025","Sell to Open","CIFR 11/14/2025 22.00 C","CALL CIPHER MNG INC $22 EXP 11/14/25","2","$1.88","$1.33","$374.67"
"10/31/2025","Buy","CIFR","CIPHER MNG INC","200","$19.97","","-$3994.00"
"10/31/2025 as of 10/30/2025","Expired","SPXW 10/30/2025 6970.00 C","CALL S & P ...500 INDEX $6970 EXP 10/30/25","-1","","",""
"10/31/2025 as of 10/30/2025","Expired","SPXW 10/30/2025 6800.00 P","PUT S & P ...500 INDEX $6800 EXP 10/30/25","-1","","",""
"10/31/2025 as of 10/30/2025","MoneyLink Transfer","","Tfr WELLS FARGO BANK N, IRIS P CAMPOS","","","","$50.00"
"10/30/2025","Credit Interest","","SCHWAB1 INT 09/29-10/29","","","","$0.29"
"10/30/2025","Margin Interest","","INTEREST 09/29THRU 10/29","","","","-$3.11"
"10/30/2025","Buy to Open","LLY 10/31/2025 880.00 C","CALL ELI LILLY AND CO $880 EXP 10/31/25","1","$2.23","$0.66","-$223.66"
"10/30/2025","Sell to Close","LLY 10/31/2025 850.00 C","CALL ELI LILLY AND CO $850 EXP 10/31/25","1","$6.86","$0.66","$685.34"
"10/30/2025","Buy to Open","SPXW 10/30/2025 6800.00 P","PUT S & P ...500 INDEX $6800 EXP 10/30/25","1","$2.95","$1.22","-$296.22"
"10/30/2025","Buy to Open","COIN 10/31/2025 370.00 C","CALL COINBASE GLOBAL INC$370 EXP 10/31/25","1","$4.30","$0.66","-$430.66"
"10/30/2025","Buy to Open","LLY 10/31/2025 850.00 C","CALL ELI LILLY AND CO $850 EXP 10/31/25","1","$4.70","$0.66","-$470.66"
"10/30/2025","Buy to Open","COIN 10/31/2025 300.00 P","PUT COINBASE GLOBAL INC $300 EXP 10/31/25","2","$1.67","$1.32","-$335.32"
"10/30/2025 as of 10/29/2025","Expired","SPXW 10/29/2025 6950.00 C","CALL S & P ...500 INDEX $6950 EXP 10/29/25","-1","","",""
"10/29/2025","Buy to Open","META 10/31/2025 820.00 C","CALL META PLATFORMS INC $820 EXP 10/31/25","1","$5.21","$0.66","-$521.66"
"10/29/2025","Buy to Open","SPXW 10/30/2025 6970.00 C","CALL S & P ...500 INDEX $6970 EXP 10/30/25","1","$3.30","$1.22","-$331.22"
"10/29/2025","Sell to Close","SPXW 10/29/2025 6850.00 P","PUT S & P ...500 INDEX $6850 EXP 10/29/25","1","$11.50","$1.22","$1148.78"
"10/29/2025","Buy to Open","ALGN 10/31/2025 160.00 C","CALL ALIGN TECHNOLOGY IN$160 EXP 10/31/25","2","$1.20","$1.32","-$241.32"
"10/29/2025","Sell to Close","GLD 11/05/2025 370.00 C","CALL SPDR GOLD TR $370 EXP 11/05/25","1","$4.68","$0.66","$467.34"
"10/29/2025","Buy to Open","GLD 11/05/2025 370.00 C","CALL SPDR GOLD TR $370 EXP 11/05/25","1","$5.15","$0.66","-$515.66"
"10/29/2025","Buy to Open","SPXW 10/29/2025 6850.00 P","PUT S & P ...500 INDEX $6850 EXP 10/29/25","1","$3.80","$1.22","-$381.22"
"10/29/2025","Sell to Close","BE 10/31/2025 150.00 C","CALL BLOOM ENERGY CORP $150 EXP 10/31/25","1","$3.14","$0.66","$313.34"
"10/29/2025","Buy to Open","BE 10/31/2025 150.00 C","CALL BLOOM ENERGY CORP $150 EXP 10/31/25","1","$1.00","$0.66","-$100.66"
"10/28/2025","Sell to Close","RH 10/31/2025 220.00 C","CALL RH $220 EXP 10/31/25","1","$1.80","$0.66","$179.34"
"10/28/2025","Buy to Open","RH 10/31/2025 220.00 C","CALL RH $220 EXP 10/31/25","1","$1.76","$0.66","-$176.66"
"10/28/2025","Buy to Open","SPXW 10/29/2025 6950.00 C","CALL S & P ...500 INDEX $6950 EXP 10/29/25","1","$2.55","$1.22","-$256.22"
"10/28/2025","Buy to Open","GS 10/31/2025 820.00 C","CALL GOLDMAN SACHS GROUP$820 EXP 10/31/25","2","$1.50","$1.32","-$301.32"
"10/28/2025","Sell to Close","CRWV 10/31/2025 140.00 C","CALL COREWEAVE INC $140 EXP 10/31/25","1","$4.96","$0.66","$495.34"
"10/28/2025","Buy to Open","ORCL 10/31/2025 300.00 C","CALL ORACLE CORP $300 EXP 10/31/25","1","$1.30","$0.66","-$130.66"
"10/28/2025","Buy to Open","GS 10/31/2025 820.00 C","CALL GOLDMAN SACHS GROUP$820 EXP 10/31/25","1","$2.13","$0.66","-$213.66"
"10/27/2025","Buy to Open","OKLO 10/31/2025 110.00 P","PUT OKLO INC $110 EXP 10/31/25","3","$1.15","$1.98","-$346.98"
"10/27/2025","Buy to Open","ARM 11/07/2025 210.00 C","CALL ARM HLDGS PLC EQUIT$210 EXP 11/07/25","1","$3.30","$0.66","-$330.66"
"10/27/2025 as of 10/24/2025","Expired","IREN 10/24/2025 70.00 C","CALL IREN LTD $70 EXP 10/24/25","-2","","",""
"10/27/2025 as of 10/24/2025","Expired","NBIS 10/24/2025 150.00 C","CALL NEBIUS GROUP N V A $150 EXP 10/24/25","-3","","",""
"10/27/2025 as of 10/24/2025","Expired","ORCL 10/24/2025 300.00 C","CALL ORACLE CORP $300 EXP 10/24/25","-12","","",""
"10/27/2025 as of 10/24/2025","Expired","CRWV 10/24/2025 140.00 C","CALL COREWEAVE INC $140 EXP 10/24/25","-1","","",""
"10/27/2025 as of 10/24/2025","Expired","ARM 10/24/2025 190.00 C","CALL ARM HLDGS PLC EQUIT$190 EXP 10/24/25","-5","","",""
"10/24/2025","Buy to Open","IREN 10/31/2025 70.00 C","CALL IREN LTD $70 EXP 10/31/25","1","$1.30","$0.66","-$130.66"
"10/24/2025","Cash Dividend","MSTY","YIELDMAX MSTR OPT INCM STRTGY ETF","","","","$10.61"
"10/24/2025","Buy to Open","CRWV 10/31/2025 150.00 C","CALL COREWEAVE INC $150 EXP 10/31/25","2","$1.05","$1.32","-$211.32"
"10/24/2025","Sell to Close","ORCL 10/24/2025 285.00 C","CALL ORACLE CORP $285 EXP 10/24/25","1","$1.67","$0.66","$166.34"
"10/24/2025","Buy to Open","CRWV 10/31/2025 140.00 C","CALL COREWEAVE INC $140 EXP 10/31/25","1","$2.50","$0.66","-$250.66"
"10/24/2025","Sell to Close","CRWV 10/24/2025 130.00 C","CALL COREWEAVE INC $130 EXP 10/24/25","5","$2.15","$3.31","$1071.69"
"10/24/2025","Sell to Close","GS 10/24/2025 770.00 C","CALL GOLDMAN SACHS GROUP$770 EXP 10/24/25","4","$2.72","$2.65","$1085.35"
"10/24/2025","Sell to Close","GS 10/24/2025 770.00 C","CALL GOLDMAN SACHS GROUP$770 EXP 10/24/25","1","$2.60","$0.66","$259.34"
"10/24/2025","Buy to Open","TSLA 10/31/2025 750.00 C","CALL TESLA INC $750 EXP 10/31/25","25","$0.01","$16.52","-$41.52"
"10/24/2025 as of 10/23/2025","MoneyLink Transfer","","Tfr WELLS FARGO BANK N, IRIS P CAMPOS","","","","$50.00"
"10/23/2025","Buy to Open","ORCL 10/24/2025 300.00 C","CALL ORACLE CORP $300 EXP 10/24/25","10","$0.11","$6.61","-$116.61"
"10/23/2025","Buy to Open","CRWV 10/24/2025 130.00 C","CALL COREWEAVE INC $130 EXP 10/24/25","5","$0.59","$3.30","-$298.30"
"10/23/2025","Buy to Open","GS 10/24/2025 770.00 C","CALL GOLDMAN SACHS GROUP$770 EXP 10/24/25","4","$1.05","$2.64","-$422.64"
"10/23/2025","Buy to Open","ORCL 10/24/2025 285.00 C","CALL ORACLE CORP $285 EXP 10/24/25","1","$1.10","$0.66","-$110.66"
"10/23/2025","Buy to Open","GS 10/24/2025 770.00 C","CALL GOLDMAN SACHS GROUP$770 EXP 10/24/25","1","$1.10","$0.66","-$110.66"
"10/22/2025","Sell","BKSY","BLACKSKY TECHNOLOGY INC","50","$21.3301","$0.01","$1066.50"
"10/22/2025","Sell","SLDP","SOLID PWR INC CLASS A","200","$5.51","$0.03","$1101.97"
"10/22/2025","Sell","UP","WHEELS UP EXPERIENCE INCCLASS A","500","$1.42","$0.08","$709.92"
"10/22/2025","Sell","USAR","USA RARE EARTH INC CLASS CLASS A","25","$23.6425","","$591.06"
"10/22/2025","Sell","LPTH","LIGHTPATH TECHNOLOGIES ICLASS A","50","$7.09","$0.01","$354.49"
"10/22/2025","Sell","BTBT","BIT DIGITAL INC. F","250","$3.5323","$0.04","$883.04"
"10/22/2025","Sell","HUT","HUT 8 CORP","20","$36.4506","","$729.01"
"10/22/2025","Sell to Close","NBIS 10/24/2025 95.00 P","PUT NEBIUS GROUP N V A $95 EXP 10/24/25","2","$1.795","$1.33","$357.67"
"10/22/2025","Sell to Close","OKLO 10/31/2025 120.00 P","PUT OKLO INC $120 EXP 10/31/25","1","$9.05","$0.66","$904.34"
"10/22/2025","Sell","CIFR","CIPHER MNG INC","125","$16.70","$0.02","$2087.48"
"10/22/2025","Sell","BFLY","BUTTERFLY NETWORK INC CLASS A","50","$2.1901","$0.01","$109.50"
"10/22/2025","Buy to Open","NBIS 10/24/2025 95.00 P","PUT NEBIUS GROUP N V A $95 EXP 10/24/25","2","$1.205","$1.32","-$242.32"
"10/22/2025","Sell","LWLG","LIGHTWAVE LOGIC INC","250","$4.66","$0.04","$1164.96"
"10/22/2025","Sell","ONDS","ONDAS HLDGS INC","225","$6.8712","$0.04","$1545.98"
"10/22/2025","Sell","BITF","BITFARMS LTD F","460","$4.1626","$0.08","$1914.72"
"10/22/2025","Buy to Open","ISRG 10/31/2025 600.00 C","CALL INTUITIVE SURGICAL $600 EXP 10/31/25","3","$1.65","$1.98","-$496.98"
"10/22/2025","Sell to Close","ISRG 10/24/2025 520.00 C","CALL INTUITIVE SURGICAL $520 EXP 10/24/25","1","$28.90","$0.66","$2889.34"
"10/21/2025","Buy to Open","OKLO 10/31/2025 120.00 P","PUT OKLO INC $120 EXP 10/31/25","1","$4.55","$0.66","-$455.66"
"10/21/2025","Buy to Open","ISRG 10/24/2025 520.00 C","CALL INTUITIVE SURGICAL $520 EXP 10/24/25","1","$2.70","$0.66","-$270.66"
"10/21/2025","Buy to Open","ORCL 10/24/2025 300.00 C","CALL ORACLE CORP $300 EXP 10/24/25","2","$0.83","$1.32","-$167.32"
"10/21/2025","Sell to Close","OKLO 10/24/2025 140.00 P","PUT OKLO INC $140 EXP 10/24/25","1","$4.20","$0.66","$419.34"
"10/20/2025","Buy to Open","CRWV 10/24/2025 140.00 C","CALL COREWEAVE INC $140 EXP 10/24/25","1","$2.09","$0.66","-$209.66"
"10/20/2025","Sell to Close","QQQ 10/20/2025 609.00 P","PUT INVESCO QQQ TR $609 EXP 10/20/25","10","$0.50","$6.64","$493.36"
"10/20/2025","Buy to Open","QQQ 10/20/2025 609.00 P","PUT INVESCO QQQ TR $609 EXP 10/20/25","10","$1.03","$6.61","-$1036.61"
"10/20/2025","Buy to Open","OKLO 10/24/2025 140.00 P","PUT OKLO INC $140 EXP 10/24/25","1","$2.75","$0.66","-$275.66"
"10/20/2025 as of 10/17/2025","Expired","LRCX 10/17/2025 149.00 C","CALL LAM RESH CORP $149 EXP 10/17/25","-1","","",""
"10/20/2025 as of 10/17/2025","Expired","COIN 10/17/2025 375.00 C","CALL COINBASE GLOBAL INC$375 EXP 10/17/25","-1","","",""
"10/20/2025 as of 10/17/2025","Expired","JD 10/17/2025 37.00 C","CALL JD COM INC $37 EXP 10/17/25","-2","","",""
"10/20/2025 as of 10/17/2025","Expired","GS 10/17/2025 820.00 C","CALL GOLDMAN SACHS GROUP$820 EXP 10/17/25","-1","","",""
"10/17/2025","Cash Dividend","MSTY","YIELDMAX MSTR OPT INCM STRTGY ETF","","","","$30.37"
"10/17/2025 as of 10/16/2025","MoneyLink Transfer","","Tfr WELLS FARGO BANK N, IRIS P CAMPOS","","","","$25.00"
"10/16/2025","Sell to Close","CRWV 10/24/2025 152.50 C","CALL COREWEAVE INC $152.5 EXP 10/24/25","3","$7.55","$1.99","$2263.01"
"10/16/2025","Buy to Open","ARM 10/24/2025 190.00 C","CALL ARM HLDGS PLC EQUIT$190 EXP 10/24/25","5","$1.70","$3.30","-$853.30"
"10/16/2025","Sell to Close","SPXW 10/16/2025 6650.00 P","PUT S & P ...500 INDEX $6650 EXP 10/16/25","1","$29.40","$1.22","$2938.78"
"10/16/2025","Buy to Open","SPXW 10/16/2025 6650.00 P","PUT S & P ...500 INDEX $6650 EXP 10/16/25","1","$8.20","$1.22","-$821.22"
"10/16/2025","Buy to Open","NBIS 10/24/2025 150.00 C","CALL NEBIUS GROUP N V A $150 EXP 10/24/25","3","$1.70","$1.98","-$511.98"
"10/16/2025","Buy to Open","IREN 10/24/2025 70.00 C","CALL IREN LTD $70 EXP 10/24/25","2","$4.10","$1.32","-$821.32"
"10/16/2025","Buy to Open","CRWV 10/24/2025 152.50 C","CALL COREWEAVE INC $152.5 EXP 10/24/25","3","$3.75","$1.98","-$1126.98"
"10/16/2025 as of 10/15/2025","MoneyLink Transfer","","Tfr WELLS FARGO BANK N, IRIS P CAMPOS","","","","$6000.00"
"10/15/2025","Buy","CIFR","CIPHER MNG INC","25","$20.75","","-$518.75"
"10/15/2025","Buy","SLDP","SOLID PWR INC CLASS A","100","$7.045","","-$704.50"
"10/15/2025","Sell to Close","LRCX 10/17/2025 149.00 C","CALL LAM RESH CORP $149 EXP 10/17/25","1","$1.09","$0.66","$108.34"
"10/15/2025","Sell to Close","SPXW 10/15/2025 6675.00 P","PUT S & P ...500 INDEX $6675 EXP 10/15/25","2","$13.90","$2.44","$2777.56"
"10/15/2025","Buy to Open","SPXW 10/15/2025 6675.00 P","PUT S & P ...500 INDEX $6675 EXP 10/15/25","2","$5.40","$2.44","-$1082.44"
"10/15/2025","Sell to Close","LRCX 10/17/2025 149.00 C","CALL LAM RESH CORP $149 EXP 10/17/25","3","$1.20","$1.99","$358.01"
"10/14/2025","Sell","BITF","BITFARMS LTD F","340","$5.8144","$0.06","$1976.84"
"10/14/2025","Buy to Open","LRCX 10/17/2025 149.00 C","CALL LAM RESH CORP $149 EXP 10/17/25","5","$0.64","$3.30","-$323.30"
"10/14/2025","Sell to Close","SPXW 10/14/2025 6680.00 C","CALL S & P ...500 INDEX $6680 EXP 10/14/25","1","$9.60","$1.22","$958.78"
"10/14/2025","Buy to Open","SPXW 10/14/2025 6680.00 C","CALL S & P ...500 INDEX $6680 EXP 10/14/25","1","$4.90","$1.22","-$491.22"
"10/14/2025","Sell to Close","SPXW 10/14/2025 6680.00 C","CALL S & P ...500 INDEX $6680 EXP 10/14/25","1","$2.85","$1.22","$283.78"
"10/14/2025","Sell to Close","SPXW 10/14/2025 6680.00 C","CALL S & P ...500 INDEX $6680 EXP 10/14/25","2","$3.70","$2.44","$737.56"
"10/14/2025","Buy to Open","SPXW 10/14/2025 6680.00 C","CALL S & P ...500 INDEX $6680 EXP 10/14/25","3","$0.95","$3.39","-$288.39"
"10/13/2025","Buy to Open","GS 10/17/2025 820.00 C","CALL GOLDMAN SACHS GROUP$820 EXP 10/17/25","1","$6.10","$0.66","-$610.66"
"10/13/2025","Buy to Open","COIN 10/17/2025 375.00 C","CALL COINBASE GLOBAL INC$375 EXP 10/17/25","1","$4.75","$0.66","-$475.66"
"10/13/2025","Buy","HUT","HUT 8 CORP","20","$45.5912","","-$911.82"
"10/13/2025 as of 10/10/2025","Expired","CRCL 10/10/2025 220.00 C","CALL CIRCLE INTERNET GRO$220 EXP 10/10/25","-5","","",""
"10/13/2025 as of 10/10/2025","Expired","BULL 10/10/2025 16.50 C","CALL WEBULL CORP $16.5 EXP 10/10/25","-2","","",""
"10/10/2025","Buy","LPTH","LIGHTPATH TECHNOLOGIES ICLASS A","50","$8.937","","-$446.85"
"10/10/2025","Buy","USAR","USA RARE EARTH INC CLASS CLASS A","25","$36.96","","-$924.00"
"10/10/2025","Sell","BITF","BITFARMS LTD F","200","$5.0533","$0.03","$1010.62"
"10/10/2025","Sell to Close","SOFI 10/10/2025 27.50 C","CALL SOFI TECHNOLOGIES I$27.5 EXP 10/10/25","2","$2.15","$1.33","$428.67"
"10/10/2025","Sell to Close","IREN 10/10/2025 70.00 C","CALL IREN LTD $70 EXP 10/10/25","2","$1.07","$1.33","$212.67"
"10/10/2025 as of 10/09/2025","MoneyLink Transfer","","Tfr WELLS FARGO BANK N, IRIS P CAMPOS","","","","$25.00"
"10/08/2025","Buy","BTBT","BIT DIGITAL INC. F","250","$4.00","","-$1000.00"
"10/08/2025","Buy","CIFR","CIPHER MNG INC","100","$15.565","","-$1556.50"
"10/08/2025","Buy","BKSY","BLACKSKY TECHNOLOGY INC","50","$30.60","","-$1530.00"
"10/08/2025 as of 10/07/2025","MoneyLink Transfer","","Tfr Wells Fargo Bank N, IRIS P CAMPOS","","","","$5000.00"
"10/07/2025","Buy to Open","BFLY 01/16/2026 4.00 C","CALL BUTTERFLY NETWORK I$4 EXP 01/16/26","10","$0.28","$6.61","-$286.61"
"10/07/2025","Sell to Close","IREN 10/10/2025 70.00 C","CALL IREN LTD $70 EXP 10/10/25","3","$1.19","$1.99","$355.01"
"10/07/2025","Buy to Open","CRCL 10/10/2025 220.00 C","CALL CIRCLE INTERNET GRO$220 EXP 10/10/25","5","$0.47","$3.30","-$238.30"
"10/07/2025","Buy","SLDP","SOLID PWR INC CLASS A","75","$5.9051","","-$442.88"
"10/07/2025","Buy to Open","IREN 10/10/2025 70.00 C","CALL IREN LTD $70 EXP 10/10/25","5","$0.63","$3.30","-$318.30"
"10/07/2025","Sell to Close","BMNR 11/21/2025 65.00 C","CALL BITMINE IMMERSION T$65 EXP 11/21/25","1","$9.80","$0.66","$979.34"
"10/07/2025","Sell to Close","PLUG 10/17/2025 4.50 C","CALL PLUG PWR INC $4.5 EXP 10/17/25","2","$0.34","$1.33","$66.67"
"10/07/2025","Buy","SLDP","SOLID PWR INC CLASS A","25","$5.6713","","-$141.78"
"10/06/2025 as of 10/03/2025","Expired","CRWV 10/03/2025 145.00 C","CALL COREWEAVE INC $145 EXP 10/03/25","-1","","",""
"10/06/2025 as of 10/03/2025","Expired","TSLA 10/03/2025 470.00 C","CALL TESLA INC $470 EXP 10/03/25","-1","","",""
"10/06/2025 as of 10/03/2025","Expired","BMNR 10/03/2025 60.00 C","CALL BITMINE IMMERSION T$60 EXP 10/03/25","-5","","",""
"10/06/2025 as of 10/03/2025","Expired","BULL 10/03/2025 16.00 C","CALL WEBULL CORP $16 EXP 10/03/25","-10","","",""
"10/06/2025 as of 10/03/2025","Expired","AVGO 10/03/2025 355.00 C","CALL BROADCOM INC $355 EXP 10/03/25","-10","","",""
"10/03/2025","Sell to Close","RGTI 10/03/2025 40.00 C","CALL RIGETTI COMPUTING I$40 EXP 10/03/25","1","$0.80","$0.66","$79.34"
"10/03/2025","Buy to Open","BULL 10/03/2025 16.00 C","CALL WEBULL CORP $16 EXP 10/03/25","10","$0.05","$6.61","-$56.61"
"10/03/2025","Buy to Open","RGTI 10/03/2025 40.00 C","CALL RIGETTI COMPUTING I$40 EXP 10/03/25","1","$0.24","$0.66","-$24.66"
"10/03/2025","Buy to Open","AVGO 10/03/2025 355.00 C","CALL BROADCOM INC $355 EXP 10/03/25","10","$0.08","$6.61","-$86.61"
"10/03/2025","Buy to Open","CRWV 10/03/2025 145.00 C","CALL COREWEAVE INC $145 EXP 10/03/25","1","$0.38","$0.66","-$38.66"
"10/03/2025 as of 10/02/2025","MoneyLink Transfer","","Tfr WELLS FARGO BANK N, IRIS P CAMPOS","","","","$25.00"
"10/02/2025","Buy to Open","BMNR 10/03/2025 60.00 C","CALL BITMINE IMMERSION T$60 EXP 10/03/25","5","$0.28","$3.30","-$143.30"
"10/02/2025","Buy","BITF","BITFARMS LTD F","450","$2.90","","-$1305.00"
"10/02/2025","Sell","LWLG","LIGHTWAVE LOGIC INC","250","$4.285","$0.04","$1071.21"
"10/02/2025","Buy to Open","BULL 01/16/2026 15.00 C","CALL WEBULL CORP $15 EXP 01/16/26","2","$3.05","$1.32","-$611.32"
"10/02/2025","Sell","ONDS","ONDAS HLDGS INC","100","$9.16","$0.02","$915.98"
"10/02/2025","Buy to Open","TSLA 10/03/2025 470.00 C","CALL TESLA INC $470 EXP 10/03/25","1","$2.74","$0.66","-$274.66"
"09/30/2025","Sell to Close","CRWV 10/17/2025 180.00 C","CALL COREWEAVE INC $180 EXP 10/17/25","2","$1.83","$1.33","$364.67"
"09/30/2025","Sell to Close","BULL 10/03/2025 15.00 C","CALL WEBULL CORP $15 EXP 10/03/25","2","$0.87","$1.33","$172.67"
"09/29/2025","Margin Interest","","INTEREST 08/28THRU 09/28","","","","-$9.64"
"09/29/2025 as of 09/26/2025","Expired","LDI 09/26/2025 5.00 C","CALL LOANDEPOT INC $5 EXP 09/26/25","-2","","",""
"09/29/2025 as of 09/26/2025","Expired","CRWV 09/26/2025 180.00 C","CALL COREWEAVE INC $180 EXP 09/26/25","-5","","",""
"09/29/2025 as of 09/26/2025","Expired","ORCL 09/26/2025 350.00 C","CALL ORACLE CORP $350 EXP 09/26/25","-4","","",""
"09/29/2025 as of 09/26/2025","Expired","HOOD 09/26/2025 150.00 C","CALL ROBINHOOD MKTS INC $150 EXP 09/26/25","-4","","",""
"09/29/2025 as of 09/26/2025","Expired","ETHA 09/26/2025 35.00 C","CALL ISHRS ETHEREUM TRST$35 EXP 09/26/25","-2","","",""
"09/29/2025 as of 09/26/2025","Expired","AVGO 09/26/2025 385.00 C","CALL BROADCOM INC $385 EXP 09/26/25","-75","","",""
"09/29/2025 as of 09/26/2025","Expired","NVDA 09/26/2025 195.00 C","CALL NVIDIA CORP $195 EXP 09/26/25","-3","","",""
"09/29/2025 as of 09/26/2025","Expired","JD 09/26/2025 40.00 C","CALL JD COM INC $40 EXP 09/26/25","-75","","",""
"09/29/2025 as of 09/26/2025","Expired","CRWV 09/26/2025 150.00 C","CALL COREWEAVE INC $150 EXP 09/26/25","-10","","",""
"09/26/2025","Buy to Open","BULL 10/10/2025 16.50 C","CALL WEBULL CORP $16.5 EXP 10/10/25","2","$1.01","$1.32","-$203.32"
"09/26/2025","Sell to Close","BULL 10/03/2025 15.00 C","CALL WEBULL CORP $15 EXP 10/03/25","2","$0.83","$1.33","$164.67"
"09/26/2025","Substitute Inc Pmt","MSTY","YIELDMAX MSTR OPT INCM STRTGY ETF","","","","$50.53"
"09/26/2025 as of 09/25/2025","MoneyLink Transfer","","Tfr WELLS FARGO BANK N, IRIS P CAMPOS","","","","$25.00"
"09/25/2025","Buy to Open","AVGO 09/26/2025 385.00 C","CALL BROADCOM INC $385 EXP 09/26/25","25","$0.04","$16.52","-$116.52"
"09/25/2025","Buy to Open","BULL 10/03/2025 15.00 C","CALL WEBULL CORP $15 EXP 10/03/25","2","$0.76","$1.32","-$153.32"
"09/25/2025","Buy to Open","JD 09/26/2025 40.00 C","CALL JD COM INC $40 EXP 09/26/25","50","$0.03","$33.05","-$183.05"
"09/24/2025","Buy to Open","CRWV 09/26/2025 150.00 C","CALL COREWEAVE INC $150 EXP 09/26/25","10","$0.35","$6.61","-$356.61"
"09/24/2025","Sell","LWLG","LIGHTWAVE LOGIC INC","200","$4.4245","$0.03","$884.87"
"09/24/2025","Buy to Open","HOOD 09/26/2025 150.00 C","CALL ROBINHOOD MKTS INC $150 EXP 09/26/25","4","$0.09","$2.64","-$38.64"
"09/24/2025","Buy to Open","BULL 01/16/2026 15.00 C","CALL WEBULL CORP $15 EXP 01/16/26","1","$3.04","$0.66","-$304.66"
"09/24/2025","Buy to Open","JD 09/26/2025 40.00 C","CALL JD COM INC $40 EXP 09/26/25","25","$0.07","$16.52","-$191.52"
"09/24/2025","Buy to Open","BULL 10/03/2025 15.00 C","CALL WEBULL CORP $15 EXP 10/03/25","2","$0.79","$1.32","-$159.32"
"09/24/2025","Buy to Open","AVGO 09/26/2025 385.00 C","CALL BROADCOM INC $385 EXP 09/26/25","50","$0.04","$33.05","-$233.05"
"09/24/2025","Sell","HIVE","HIVE DIGITAL TECHNOLOG F","50","$3.9101","$0.01","$195.50"
"09/24/2025","Sell","LDI","LOANDEPOT INC CLASS A","200","$3.3612","$0.03","$672.21"
"09/23/2025","Buy to Open","PLUG 10/17/2025 4.50 C","CALL PLUG PWR INC $4.5 EXP 10/17/25","2","$0.33","$1.32","-$67.32"
"09/22/2025","Buy to Open","NVDA 09/26/2025 195.00 C","CALL NVIDIA CORP $195 EXP 09/26/25","3","$0.62","$1.98","-$187.98"
"09/22/2025","Sell to Close","BFLY 01/16/2026 2.00 C","CALL BUTTERFLY NETWORK I$2 EXP 01/16/26","3","$0.52","$1.99","$154.01"
"09/22/2025","Sell to Close","RKT 10/17/2025 22.00 C","CALL ROCKET COMPANIES CL$22 EXP 10/17/25","1","$0.81","$0.66","$80.34"
"09/22/2025","Buy to Open","ORCL 09/26/2025 350.00 C","CALL ORACLE CORP $350 EXP 09/26/25","4","$0.54","$2.64","-$218.64"
"09/22/2025 as of 09/19/2025","Expired","CMG 09/19/2025 45.00 C","CALL CHIPOTLE MEXICAN GR$45 EXP 09/19/25","-2","","",""
"09/19/2025 as of 09/18/2025","MoneyLink Transfer","","Tfr WELLS FARGO BANK N, IRIS P CAMPOS","","","","$25.00"
"09/18/2025","Buy to Open","BFLY 01/16/2026 2.00 C","CALL BUTTERFLY NETWORK I$2 EXP 01/16/26","3","$0.45","$1.98","-$136.98"
"09/18/2025","Buy","BFLY","BUTTERFLY NETWORK INC CLASS A","50","$1.9157","","-$95.79"
"09/18/2025","Sell to Close","ETHA 09/19/2025 34.00 C","CALL ISHRS ETHEREUM TRST$34 EXP 09/19/25","2","$1.15","$1.33","$228.67"
"09/18/2025","Buy to Open","ETHA 09/26/2025 35.00 C","CALL ISHRS ETHEREUM TRST$35 EXP 09/26/25","2","$1.35","$1.32","-$271.32"
"09/17/2025","Sell to Close","OPEN 09/19/2025 10.00 C","CALL OPENDOOR TECHNOLOGI$10 EXP 09/19/25","5","$0.55","$3.31","$271.69"
"09/17/2025","Buy to Open","LDI 09/26/2025 5.00 C","CALL LOANDEPOT INC $5 EXP 09/26/25","2","$0.65","$1.32","-$131.32"
"09/17/2025","Buy","LDI","LOANDEPOT INC CLASS A","100","$4.74","","-$474.00"
"09/17/2025","Sell to Close","OPEN 09/19/2025 10.00 C","CALL OPENDOOR TECHNOLOGI$10 EXP 09/19/25","5","$1.06","$3.31","$526.69"
"09/16/2025","Buy to Open","BMNR 11/21/2025 65.00 C","CALL BITMINE IMMERSION T$65 EXP 11/21/25","1","$9.00","$0.66","-$900.66"
"09/16/2025","Buy to Open","OPEN 09/19/2025 10.00 C","CALL OPENDOOR TECHNOLOGI$10 EXP 09/19/25","10","$0.50","$6.61","-$506.61"
"09/16/2025","Buy to Open","CRWV 09/26/2025 180.00 C","CALL COREWEAVE INC $180 EXP 09/26/25","5","$0.22","$3.30","-$113.30"
"09/16/2025","Sell to Close","CRWV 09/19/2025 180.00 C","CALL COREWEAVE INC $180 EXP 09/19/25","5","$0.05","$3.31","$21.69"
"09/16/2025","Buy","BITF","BITFARMS LTD F","500","$2.82","","-$1410.00"
"09/16/2025","Sell","UP","WHEELS UP EXPERIENCE INCCLASS A","850","$2.0612","$0.14","$1751.88"
"09/16/2025","Sell","ONDS","ONDAS HLDGS INC","325","$6.045","$0.05","$1964.58"
"09/15/2025","Buy to Open","SOFI 10/10/2025 27.50 C","CALL SOFI TECHNOLOGIES I$27.5 EXP 10/10/25","2","$1.73","$1.32","-$347.32"
"09/15/2025","Buy to Open","CRWV 10/17/2025 180.00 C","CALL COREWEAVE INC $180 EXP 10/17/25","2","$1.11","$1.32","-$223.32"
"09/15/2025","Buy","BITF","BITFARMS LTD F","50","$2.5599","","-$128.00"
"09/15/2025","Buy","HIVE","HIVE DIGITAL TECHNOLOG F","50","$4.1757","","-$208.79"
"09/15/2025","Sell to Close","SOFI 09/19/2025 27.00 C","CALL SOFI TECHNOLOGIES I$27 EXP 09/19/25","5","$1.08","$3.31","$536.69"
"09/15/2025","Sell to Close","SOFI 09/19/2025 25.00 C","CALL SOFI TECHNOLOGIES I$25 EXP 09/19/25","1","$2.54","$0.66","$253.34"
"09/15/2025 as of 09/12/2025","Expired","JD 09/12/2025 35.00 C","CALL JD COM INC $35 EXP 09/12/25","-1","","",""
"09/12/2025","Buy to Open","JD 10/17/2025 37.00 C","CALL JD COM INC $37 EXP 10/17/25","2","$1.11","$1.32","-$223.32"
"09/12/2025","Buy to Close","JD 10/17/2025 37.00 C","CALL JD COM INC $37 EXP 10/17/25","2","$1.17","$1.32","-$235.32"
"09/12/2025","Sell to Open","JD 10/17/2025 37.00 C","CALL JD COM INC $37 EXP 10/17/25","2","$1.15","$1.33","$228.67"
"09/12/2025","Buy to Open","RKT 10/17/2025 22.00 C","CALL ROCKET COMPANIES CL$22 EXP 10/17/25","1","$1.36","$0.66","-$136.66"
"09/12/2025 as of 09/11/2025","MoneyLink Transfer","","Tfr WELLS FARGO BANK N, IRIS P CAMPOS","","","","$25.00"
"09/11/2025","Sell to Close","JD 09/12/2025 35.00 C","CALL JD COM INC $35 EXP 09/12/25","4","$0.16","$2.65","$61.35"
"09/11/2025","Buy to Open","JD 09/12/2025 35.00 C","CALL JD COM INC $35 EXP 09/12/25","5","$0.12","$3.30","-$63.30"
"09/11/2025","Buy","LDI","LOANDEPOT INC CLASS A","100","$4.11","","-$411.00"
"09/11/2025","Buy to Open","CRWV 09/19/2025 180.00 C","CALL COREWEAVE INC $180 EXP 09/19/25","5","$0.18","$3.30","-$93.30"
"09/10/2025","Buy to Open","JD 01/16/2026 40.00 C","CALL JD COM INC $40 EXP 01/16/26","5","$1.85","$3.30","-$928.30"
"09/10/2025","Buy to Open","SOFI 09/19/2025 27.00 C","CALL SOFI TECHNOLOGIES I$27 EXP 09/19/25","5","$0.70","$3.30","-$353.30"
"09/10/2025","Sell to Close","SOFI 09/12/2025 27.00 C","CALL SOFI TECHNOLOGIES I$27 EXP 09/12/25","5","$0.26","$3.31","$126.69"
"09/10/2025","Sell","ABTC","AMERICAN BITCOIN CORP CLASS A","100","$10.015","$0.02","$1001.48"
"09/10/2025","Sell to Close","RGTI 09/19/2025 16.00 C","CALL RIGETTI COMPUTING I$16 EXP 09/19/25","1","$1.04","$0.66","$103.34"
"09/10/2025","Sell to Close","RKT 09/19/2025 20.20 C","CALL ROCKET COMPANIES CL$20.2 EXP 09/19/25","5","$2.15","$3.31","$1071.69"
"09/09/2025","Buy to Close","ONDS 09/19/2025 5.00 C","CALL ONDAS HLDGS INC $5 EXP 09/19/25","4","$0.75","$2.64","-$302.64"
"09/08/2025","Buy","UP","WHEELS UP EXPERIENCE INCCLASS A","100","$2.3269","","-$232.69"
"09/08/2025","Sell to Close","NVDA 09/12/2025 175.00 C","CALL NVIDIA CORP $175 EXP 09/12/25","2","$0.88","$1.33","$174.67"
"09/08/2025 as of 09/05/2025","Expired","ETHA 09/05/2025 36.00 C","CALL ISHRS ETHEREUM TRST$36 EXP 09/05/25","-1","","",""
"09/05/2025","Buy to Open","SOFI 09/19/2025 25.00 C","CALL SOFI TECHNOLOGIES I$25 EXP 09/19/25","1","$1.40","$0.66","-$140.66"
"09/05/2025","Sell to Close","SOFI 09/12/2025 24.00 C","CALL SOFI TECHNOLOGIES I$24 EXP 09/12/25","1","$1.72","$0.66","$171.34"
"09/05/2025","Buy to Open","RKT 09/19/2025 20.20 C","CALL ROCKET COMPANIES CL$20.2 EXP 09/19/25","5","$1.25","$3.30","-$628.30"
"09/05/2025","Sell to Close","RKT 09/12/2025 19.50 C","CALL ROCKET COMPANIES CL$19.5 EXP 09/12/25","5","$1.29","$3.31","$641.69"
"09/05/2025 as of 09/04/2025","MoneyLink Transfer","","Tfr WELLS FARGO BANK N, IRIS P CAMPOS","","","","$25.00"
"09/04/2025","Buy to Open","NVDA 09/12/2025 175.00 C","CALL NVIDIA CORP $175 EXP 09/12/25","2","$1.60","$1.32","-$321.32"
"09/03/2025","Buy to Open","ETHA 09/19/2025 34.00 C","CALL ISHRS ETHEREUM TRST$34 EXP 09/19/25","2","$1.97","$1.32","-$395.32"
"09/03/2025","Stock Merger","ABTC","AMERICAN BITCOIN CORP CLASS A","100","","",""
"09/03/2025","Stock Merger","400510103","GRYPHON DIGITAL MNG IXXXMANDATORY MERGER EFF: 09/03/25","-500","","",""
"09/02/2025 as of 08/29/2025","Expired","TSLA 08/29/2025 360.00 C","CALL TESLA INC $360 EXP 08/29/25","-1","","",""
"08/29/2025","Buy","UP","WHEELS UP EXPERIENCE INCCLASS A","250","$2.85","","-$712.50"
"08/29/2025","Cash Dividend","MSTY","YIELDMAX MSTR OPT INCM STRTGY ETF","","","","$54.50"
"08/29/2025","Sell to Close","BABA 10/17/2025 130.00 C","CALL ALIBABA GROUP HLDG $130 EXP 10/17/25","1","$8.36","$0.66","$835.34"
"08/29/2025","Buy","ONDS","ONDAS HLDGS INC","250","$5.645","","-$1411.25"
"08/29/2025 as of 08/28/2025","MoneyLink Transfer","","Tfr WELLS FARGO BANK N, IRIS P CAMPOS","","","","$25.00"
"08/28/2025","Credit Interest","","SCHWAB1 INT 07/30-08/27","","","","$0.16"
"08/28/2025","Margin Interest","","INTEREST 07/30THRU 08/27","","","","-$0.43"
"08/28/2025","Buy","GRYP","GRYPHON DIGITAL MNG INC","500","$1.6587","","-$829.35"
"08/28/2025","Buy","LWLG","LIGHTWAVE LOGIC INC","200","$3.488","","-$697.60"
"08/27/2025","Buy","LWLG","LIGHTWAVE LOGIC INC","400","$3.60","","-$1440.00"
"08/27/2025","Sell to Close","BABA 10/17/2025 130.00 C","CALL ALIBABA GROUP HLDG $130 EXP 10/17/25","3","$4.68","$1.99","$1402.01"
"08/27/2025","Sell to Close","ETHA 09/12/2025 33.00 C","CALL ISHRS ETHEREUM TRST$33 EXP 09/12/25","2","$3.04","$1.33","$606.67"
"08/27/2025","Sell to Close","ETHA 09/19/2025 35.00 C","CALL ISHRS ETHEREUM TRST$35 EXP 09/19/25","5","$2.44","$3.31","$1216.69"
"08/27/2025","Buy","LWLG","LIGHTWAVE LOGIC INC","100","$3.60","","-$360.00"
"08/27/2025","Journal","","JOURNAL TO ...972","","","","-$125.00"
"08/26/2025","Buy to Open","ETHA 09/19/2025 35.00 C","CALL ISHRS ETHEREUM TRST$35 EXP 09/19/25","5","$2.85","$3.30","-$1428.30"
"08/26/2025","Buy to Open","RGTI 09/19/2025 16.00 C","CALL RIGETTI COMPUTING I$16 EXP 09/19/25","1","$0.97","$0.66","-$97.66"
"08/26/2025","Buy to Open","BABA 10/17/2025 130.00 C","CALL ALIBABA GROUP HLDG $130 EXP 10/17/25","4","$5.55","$2.64","-$2222.64"
"08/26/2025","Sell to Close","OKLO 09/12/2025 75.00 C","CALL OKLO INC $75 EXP 09/12/25","2","$7.25","$1.33","$1448.67"
"08/25/2025","Buy to Open","TSLA 08/29/2025 360.00 C","CALL TESLA INC $360 EXP 08/29/25","1","$2.80","$0.66","-$280.66"
"08/25/2025","Sell to Close","TSLA 08/29/2025 360.00 C","CALL TESLA INC $360 EXP 08/29/25","5","$2.48","$3.31","$1236.69"
"08/25/2025","Buy to Open","TSLA 08/29/2025 360.00 C","CALL TESLA INC $360 EXP 08/29/25","5","$2.76","$3.30","-$1383.30"
"08/25/2025","Sell to Close","ETHA 09/05/2025 36.00 C","CALL ISHRS ETHEREUM TRST$36 EXP 09/05/25","4","$1.39","$2.65","$553.35"
"08/25/2025","Sell to Close","GOOGL 09/05/2025 205.00 C","CALL ALPHABET INC $205 EXP 09/05/25","1","$7.75","$0.66","$774.34"
"08/25/2025","Sell to Close","SOFI 09/12/2025 24.00 C","CALL SOFI TECHNOLOGIES I$24 EXP 09/12/25","2","$2.65","$1.33","$528.67"
"08/25/2025","Sell to Close","BABA 10/17/2025 130.00 C","CALL ALIBABA GROUP HLDG $130 EXP 10/17/25","3","$5.75","$1.99","$1723.01"
"08/25/2025","Sell","ONDS","ONDAS HLDGS INC","250","$4.8137","$0.04","$1203.39"
"08/22/2025","Buy to Open","SOFI 09/12/2025 27.00 C","CALL SOFI TECHNOLOGIES I$27 EXP 09/12/25","5","$0.70","$3.30","-$353.30"
"08/22/2025","Buy to Open","RKT 09/12/2025 19.50 C","CALL ROCKET COMPANIES CL$19.5 EXP 09/12/25","5","$1.23","$3.30","-$618.30"
"08/22/2025","Buy","ONDS","ONDAS HLDGS INC","250","$4.185","","-$1046.25"
"08/22/2025","Buy to Open","OKLO 09/12/2025 75.00 C","CALL OKLO INC $75 EXP 09/12/25","2","$3.90","$1.32","-$781.32"
"08/22/2025","Sell to Close","SOFI 09/12/2025 24.00 C","CALL SOFI TECHNOLOGIES I$24 EXP 09/12/25","7","$2.00","$4.65","$1395.35"
"08/22/2025 as of 08/21/2025","MoneyLink Transfer","","Tfr WELLS FARGO BANK N, IRIS P CAMPOS","","","","$25.00"
"08/20/2025","Journal","","JOURNAL TO ...972","","","","-$200.00"
"08/19/2025","Sell to Close","SQQQ 08/22/2025 17.50 C","CALL PROSHARES TR $17.5 EXP 08/22/25","10","$0.67","$6.64","$663.36"
"08/19/2025","Buy to Open","SQQQ 08/22/2025 17.50 C","CALL PROSHARES TR $17.5 EXP 08/22/25","10","$0.60","$6.61","-$606.61"
"08/19/2025","Sell to Open","ONDS 09/19/2025 5.00 C","CALL ONDAS HLDGS INC $5 EXP 09/19/25","4","$0.16","$2.65","$61.35"
"08/18/2025","Buy to Open","SOFI 09/12/2025 24.00 C","CALL SOFI TECHNOLOGIES I$24 EXP 09/12/25","10","$1.50","$6.61","-$1506.61"
"08/18/2025","Buy to Open","ETHA 09/12/2025 33.00 C","CALL ISHRS ETHEREUM TRST$33 EXP 09/12/25","2","$2.60","$1.32","-$521.32"
"08/18/2025","Sell to Close","TEM 09/05/2025 75.00 C","CALL TEMPUS AI INC $75 EXP 09/05/25","1","$7.10","$0.66","$709.34"
"08/15/2025","Buy to Open","CMG 09/19/2025 45.00 C","CALL CHIPOTLE MEXICAN GR$45 EXP 09/19/25","2","$1.23","$1.32","-$247.32"
"08/15/2025","Buy","UP","WHEELS UP EXPERIENCE INCCLASS A","1,000","$1.90","","-$1900.00"
"08/15/2025","Sell","OPEN","OPENDOOR TECHNOLOGIES IN","1,000","$3.2315","$0.17","$3231.33"
"08/15/2025","Buy to Open","TEM 09/05/2025 75.00 C","CALL TEMPUS AI INC $75 EXP 09/05/25","1","$4.80","$0.66","-$480.66"
"08/15/2025","Sell to Close","TEM 09/05/2025 66.00 C","CALL TEMPUS AI INC $66 EXP 09/05/25","1","$10.00","$0.66","$999.34"
"08/15/2025","Buy","ONDS","ONDAS HLDGS INC","400","$3.93","","-$1572.00"
"08/15/2025 as of 08/14/2025","MoneyLink Transfer","","Tfr WELLS FARGO BANK N, IRIS P CAMPOS","","","","$25.00"
"08/14/2025","Sell to Close","SOFI 09/05/2025 22.50 C","CALL SOFI TECHNOLOGIES I$22.5 EXP 09/05/25","10","$1.426","$6.64","$1419.36"
"08/14/2025","Buy","OPEN","OPENDOOR TECHNOLOGIES IN","1,000","$2.80","","-$2800.00"
"08/14/2025","Buy to Open","BABA 10/17/2025 130.00 C","CALL ALIBABA GROUP HLDG $130 EXP 10/17/25","2","$6.05","$1.32","-$1211.32"
"08/13/2025","Sell to Close","BABA 08/15/2025 125.00 C","CALL ALIBABA GROUP HLDG $125 EXP 08/15/25","2","$2.00","$1.33","$398.67"
"08/13/2025","Buy to Open","ETHA 09/05/2025 36.00 C","CALL ISHRS ETHEREUM TRST$36 EXP 09/05/25","5","$2.50","$3.30","-$1253.30"
"08/12/2025","Buy to Open","TEM 09/05/2025 66.00 C","CALL TEMPUS AI INC $66 EXP 09/05/25","1","$4.65","$0.66","-$465.66"
"08/12/2025","Buy to Open","SOFI 09/05/2025 22.50 C","CALL SOFI TECHNOLOGIES I$22.5 EXP 09/05/25","10","$1.45","$6.61","-$1456.61"
"08/11/2025","Sell to Close","SOFI 09/05/2025 22.50 C","CALL SOFI TECHNOLOGIES I$22.5 EXP 09/05/25","3","$1.32","$1.99","$394.01"
"08/11/2025","Buy to Open","GOOGL 09/05/2025 205.00 C","CALL ALPHABET INC $205 EXP 09/05/25","1","$5.00","$0.66","-$500.66"
"08/11/2025 as of 08/08/2025","Expired","BITX 08/08/2025 65.00 C","CALL VOLATILITY SHS TR $65 EXP 08/08/25","-10","","",""
"08/11/2025 as of 08/08/2025","Expired","BITX 08/08/2025 64.00 C","CALL VOLATILITY SHS TR $64 EXP 08/08/25","-1","","",""
"08/08/2025","Buy to Open","SOFI 09/05/2025 22.50 C","CALL SOFI TECHNOLOGIES I$22.5 EXP 09/05/25","3","$1.30","$1.98","-$391.98"
"08/08/2025","Sell to Close","ETHA 09/05/2025 29.00 C","CALL ISHRS ETHEREUM TRST$29 EXP 09/05/25","1","$3.15","$0.66","$314.34"
"08/08/2025","Sell to Close","ETHA 08/29/2025 28.00 C","CALL ISHRS ETHEREUM TRST$28 EXP 08/29/25","3","$3.55","$1.99","$1063.01"
"08/08/2025 as of 08/07/2025","MoneyLink Transfer","","Tfr WELLS FARGO BANK N, IRIS P CAMPOS","","","","$25.00"
"08/07/2025","Buy to Open","BITX 08/08/2025 65.00 C","CALL VOLATILITY SHS TR $65 EXP 08/08/25","10","$0.14","$6.61","-$146.61"
"08/07/2025","Buy to Open","BABA 10/17/2025 130.00 C","CALL ALIBABA GROUP HLDG $130 EXP 10/17/25","1","$5.10","$0.66","-$510.66"
"08/07/2025","Sell to Close","BITX 08/08/2025 60.00 C","CALL VOLATILITY SHS TR $60 EXP 08/08/25","2","$1.30","$1.33","$258.67"
"08/07/2025","Buy to Open","BABA 08/15/2025 125.00 C","CALL ALIBABA GROUP HLDG $125 EXP 08/15/25","2","$1.30","$1.32","-$261.32"
"08/07/2025","Sell to Close","MU 09/19/2025 115.00 C","CALL MICRON TECHNOLOGY I$115 EXP 09/19/25","2","$5.10","$1.33","$1018.67"
"08/07/2025","Sell to Close","SBET 08/08/2025 21.00 C","CALL SHARPLINK GAMING IN$21 EXP 08/08/25","1","$1.70","$0.66","$169.34"
"08/06/2025","Buy to Open","ETHA 08/29/2025 28.00 C","CALL ISHRS ETHEREUM TRST$28 EXP 08/29/25","3","$1.95","$1.98","-$586.98"
"08/06/2025","Buy to Open","MU 09/19/2025 115.00 C","CALL MICRON TECHNOLOGY I$115 EXP 09/19/25","2","$4.10","$1.32","-$821.32"
"08/04/2025","Buy to Open","BITX 08/08/2025 60.00 C","CALL VOLATILITY SHS TR $60 EXP 08/08/25","2","$1.84","$1.32","-$369.32"
"08/04/2025","Sell","TSLL","DIREXION DAILY TSLA BULL2X SHAR ETF","50","$10.5315","$0.01","$526.57"
"08/04/2025 as of 08/01/2025","Expired","MSTU 08/01/2025 8.50 C","CALL T REX 2X LONG MSTR $8.5 EXP 08/01/25","-5","","",""
"08/01/2025","Cash Dividend","MSTY","YIELDMAX MSTR OPT INCM STRTGY ETF","","","","$59.18"
"08/01/2025 as of 07/31/2025","MoneyLink Transfer","","Tfr WELLS FARGO BANK N, IRIS P CAMPOS","","","","$25.00"
"07/31/2025","Cash Dividend","SWVXX","SCHWAB PRIME ADVANTAGE MONEY INVESTOR","","","","$0.47"
"07/31/2025","Cash Dividend","SNOXX","SCHWAB TREASURY OBLIG MONEY INV","","","","$0.47"
"07/31/2025","Buy to Open","MSTU 08/01/2025 8.50 C","CALL T REX 2X LONG MSTR $8.5 EXP 08/01/25","5","$0.23","$3.30","-$118.30"
"07/31/2025","Buy to Open","ETHA 09/05/2025 29.00 C","CALL ISHRS ETHEREUM TRST$29 EXP 09/05/25","1","$2.35","$0.66","-$235.66"
"07/31/2025","Buy to Open","BITX 08/08/2025 64.00 C","CALL VOLATILITY SHS TR $64 EXP 08/08/25","1","$2.35","$0.66","-$235.66"
"07/31/2025","Buy to Open","SBET 08/08/2025 21.00 C","CALL SHARPLINK GAMING IN$21 EXP 08/08/25","1","$1.55","$0.66","-$155.66"
"07/30/2025","Credit Interest","","SCHWAB1 INT 06/27-07/29","","","","$0.07"
"07/30/2025","Sell to Close","RKLB 10/17/2025 40.00 C","CALL ROCKET LAB CORP $40 EXP 10/17/25","2","$8.30","$1.33","$1658.67"
"07/29/2025","Sell to Close","LUNR 08/15/2025 12.50 C","CALL INTUITIVE MACHS INC$12.5 EXP 08/15/25","2","$1.26","$1.33","$250.67"
"07/29/2025","Sell to Close","GRAB 08/15/2025 5.50 C","CALL GRAB HLDGS LTD $5.5 EXP 08/15/25","10","$0.26","$6.64","$253.36"
"07/29/2025","Sell","ONDS","ONDAS HLDGS INC","200","$1.9048","$0.03","$380.93"
"07/29/2025","Sell to Close","GLXY 08/08/2025 32.00 C","CALL GALAXY DIGITAL INC $32 EXP 08/08/25","2","$1.11","$1.33","$220.67"
"07/29/2025","Sell to Close","UGL 08/15/2025 37.00 C","CALL PROSHR GOLD 2X $37 EXP 08/15/25","10","$0.20","$6.64","$193.36"
"07/29/2025","Sell to Close","RKLB 08/22/2025 48.00 C","CALL ROCKET LAB CORP $48 EXP 08/22/25","5","$3.00","$3.31","$1496.69"
"07/29/2025","Sell to Close","RKLB 08/22/2025 50.00 C","CALL ROCKET LAB CORP $50 EXP 08/22/25","5","$2.45","$3.31","$1221.69"
"07/29/2025","Sell to Close","RDW 08/15/2025 19.00 C","CALL REDWIRE CORP $19 EXP 08/15/25","5","$0.35","$3.31","$171.69"
"07/29/2025","Sell to Close","QBTS 08/01/2025 20.00 C","CALL D-WAVE QUANTUM INC $20 EXP 08/01/25","5","$0.30","$3.31","$146.69"
"07/29/2025","Sell to Close","GLXY 08/08/2025 32.00 C","CALL GALAXY DIGITAL INC $32 EXP 08/08/25","8","$1.38","$5.31","$1098.69"
"07/28/2025 as of 07/25/2025","Expired","ETHU 07/25/2025 120.00 C","CALL VOLATILITY SHS TR 2$120 EXP 07/25/25","-2","","",""
"07/25/2025","Sell to Close","ETHU 07/25/2025 115.00 C","CALL VOLATILITY SHS TR 2$115 EXP 07/25/25","1","$0.20","$0.66","$19.34"
"07/25/2025 as of 07/24/2025","MoneyLink Transfer","","Tfr WELLS FARGO BANK N, IRIS P CAMPOS","","","","$25.00"
"07/23/2025","Buy to Open","QBTS 08/01/2025 20.00 C","CALL D-WAVE QUANTUM INC $20 EXP 08/01/25","5","$1.52","$3.30","-$763.30"
"07/23/2025","Buy to Open","ETHU 07/25/2025 115.00 C","CALL VOLATILITY SHS TR 2$115 EXP 07/25/25","1","$3.30","$0.66","-$330.66"
"07/23/2025","Buy to Open","GLXY 08/08/2025 32.00 C","CALL GALAXY DIGITAL INC $32 EXP 08/08/25","10","$2.85","$6.61","-$2856.61"
"07/23/2025","Buy to Open","LUNR 08/15/2025 12.50 C","CALL INTUITIVE MACHS INC$12.5 EXP 08/15/25","2","$1.90","$1.32","-$381.32"
"07/22/2025","Buy to Open","RKLB 08/22/2025 50.00 C","CALL ROCKET LAB CORP $50 EXP 08/22/25","5","$4.10","$3.30","-$2053.30"
"07/22/2025","Buy to Open","RKLB 08/22/2025 48.00 C","CALL ROCKET LAB CORP $48 EXP 08/22/25","5","$4.90","$3.30","-$2453.30"
"07/22/2025","Buy to Open","ETHU 07/25/2025 120.00 C","CALL VOLATILITY SHS TR 2$120 EXP 07/25/25","2","$6.11","$1.32","-$1223.32"
"07/22/2025","Buy","TSLL","DIREXION DAILY TSLA BULL2X SHAR ETF","40","$12.55","","-$502.00"
"07/22/2025","Buy to Open","UGL 08/15/2025 37.00 C","CALL PROSHR GOLD 2X $37 EXP 08/15/25","10","$1.55","$6.61","-$1556.61"
"07/22/2025","Sell to Close","QBTS 08/01/2025 18.50 C","CALL D-WAVE QUANTUM INC $18.5 EXP 08/01/25","5","$0.92","$3.31","$456.69"
"07/21/2025","Sell to Close","RCAT 08/22/2025 10.00 C","CALL RED CAT HLDGS INC $10 EXP 08/22/25","10","$0.97","$6.64","$963.36"
"07/21/2025","Sell to Close","RGTI 08/01/2025 14.00 C","CALL RIGETTI COMPUTING I$14 EXP 08/01/25","1","$2.40","$0.66","$239.34"
"07/21/2025","Sell to Close","GLXY 08/01/2025 25.00 C","CALL GALAXY DIGITAL INC $25 EXP 08/01/25","5","$3.30","$3.31","$1646.69"
"07/21/2025","Sell to Close","GRAB 08/15/2025 5.50 C","CALL GRAB HLDGS LTD $5.5 EXP 08/15/25","10","$0.27","$6.64","$263.36"
"07/21/2025","Sell to Close","OKLO 08/15/2025 65.00 C","CALL OKLO INC $65 EXP 08/15/25","4","$5.90","$2.65","$2357.35"
"07/21/2025","Sell to Close","QBTS 08/01/2025 18.50 C","CALL D-WAVE QUANTUM INC $18.5 EXP 08/01/25","5","$1.75","$3.31","$871.69"
"07/21/2025","Sell to Close","RDW 08/15/2025 19.00 C","CALL REDWIRE CORP $19 EXP 08/15/25","5","$1.43","$3.31","$711.69"
"07/21/2025","Sell to Close","ACHR 08/08/2025 12.50 C","CALL ARCHER AVIATION INC$12.5 EXP 08/08/25","10","$0.97","$6.64","$963.36"
"07/21/2025","Sell to Close","OKLO 08/01/2025 67.50 C","CALL OKLO INC $67.5 EXP 08/01/25","1","$5.75","$0.66","$574.34"
"07/21/2025","Sell to Close","GLXY 08/01/2025 25.00 C","CALL GALAXY DIGITAL INC $25 EXP 08/01/25","5","$5.60","$3.31","$2796.69"
"07/18/2025","Sell to Close","ETHU 07/18/2025 103.00 C","CALL VOLATILITY SHS TR 2$103 EXP 07/18/25","1","$5.71","$0.66","$570.34"
"07/18/2025","Buy to Open","OKLO 08/01/2025 67.50 C","CALL OKLO INC $67.5 EXP 08/01/25","1","$4.95","$0.66","-$495.66"
"07/18/2025 as of 07/17/2025","MoneyLink Transfer","","Tfr WELLS FARGO BANK N, IRIS P CAMPOS","","","","$25.00"
"07/17/2025","Buy to Open","GLXY 08/01/2025 25.00 C","CALL GALAXY DIGITAL INC $25 EXP 08/01/25","10","$2.30","$6.61","-$2306.61"
"07/17/2025","Buy to Open","ETHU 07/18/2025 103.00 C","CALL VOLATILITY SHS TR 2$103 EXP 07/18/25","1","$3.00","$0.66","-$300.66"
"07/17/2025","Buy to Open","QBTS 08/01/2025 18.50 C","CALL D-WAVE QUANTUM INC $18.5 EXP 08/01/25","10","$1.85","$6.61","-$1856.61"
"07/17/2025","Buy to Open","RDW 08/15/2025 19.00 C","CALL REDWIRE CORP $19 EXP 08/15/25","10","$2.00","$6.61","-$2006.61"
"07/17/2025","Buy to Open","GRAB 08/15/2025 5.50 C","CALL GRAB HLDGS LTD $5.5 EXP 08/15/25","20","$0.33","$13.22","-$673.22"
"07/17/2025","Sell to Close","RGTI 08/01/2025 14.00 C","CALL RIGETTI COMPUTING I$14 EXP 08/01/25","1","$2.85","$0.66","$284.34"
"07/17/2025","Sell to Close","OKLO 08/15/2025 65.00 C","CALL OKLO INC $65 EXP 08/15/25","1","$8.30","$0.66","$829.34"
"07/17/2025","Sell to Close","RKLB 10/17/2025 40.00 C","CALL ROCKET LAB CORP $40 EXP 10/17/25","1","$14.50","$0.66","$1449.34"
"07/16/2025","Buy to Open","ACHR 08/08/2025 12.50 C","CALL ARCHER AVIATION INC$12.5 EXP 08/08/25","10","$1.13","$6.61","-$1136.61"
"07/16/2025","Buy to Open","RCAT 08/22/2025 10.00 C","CALL RED CAT HLDGS INC $10 EXP 08/22/25","5","$1.95","$3.30","-$978.30"
"07/16/2025","Buy to Open","RCAT 08/22/2025 10.00 C","CALL RED CAT HLDGS INC $10 EXP 08/22/25","5","$2.05","$3.30","-$1028.30"
"07/16/2025","Buy to Open","OKLO 08/15/2025 65.00 C","CALL OKLO INC $65 EXP 08/15/25","5","$6.00","$3.30","-$3003.30"
"07/16/2025","Buy","MSTY","YIELDMAX MSTR OPT INCM STRTGY ETF","40","$22.555","","-$902.20"
"07/16/2025","Sell to Close","ETHU 07/18/2025 80.00 C","CALL VOLATILITY SHS TR 2$80 EXP 07/18/25","2","$10.20","$1.33","$2038.67"
"07/16/2025","Sell to Close","ETHU 07/18/2025 80.00 C","CALL VOLATILITY SHS TR 2$80 EXP 07/18/25","3","$9.10","$1.99","$2728.01"
"07/15/2025","Buy to Open","ETHU 07/18/2025 80.00 C","CALL VOLATILITY SHS TR 2$80 EXP 07/18/25","5","$5.64","$3.30","-$2823.30"
"07/15/2025","Sell to Close","RKLB 08/15/2025 38.00 C","CALL ROCKET LAB CORP $38 EXP 08/15/25","3","$8.81","$1.99","$2641.01"
"07/14/2025","Journal","","JOURNAL FRM ...021","","","","$933.47"
"07/14/2025 as of 07/11/2025","MoneyLink Transfer","","Tfr Wells Fargo Bank N, IRIS P CAMPOS","","","","$5000.00"
"07/11/2025","Sell","SNOXX","SCHWAB TREASURY OBLIG MONEY INV","1,066.35","$1.00","","$1066.35"
"07/11/2025","Sell","SWVXX","SCHWAB PRIME ADVANTAGE MONEY INVESTOR","1,031.45","$1.00","","$1031.45"
"07/11/2025","Buy to Open","RKLB 10/17/2025 40.00 C","CALL ROCKET LAB CORP $40 EXP 10/17/25","3","$6.80","$1.98","-$2041.98"
"07/11/2025","Journaled Shares","RKLB 08/15/2025 38.00 C","CALL ROCKET LAB CORP $38 EXP 08/15/25","1","$5.30","",""
"07/11/2025","Journaled Shares","RGTI 08/01/2025 14.00 C","CALL RIGETTI COMPUTING I$14 EXP 08/01/25","2","$0.485","",""
"07/11/2025","Journal","","JOURNAL FRM ...021","","","","$330.01"
"07/11/2025","Buy to Open","RKLB 08/15/2025 38.00 C","CALL ROCKET LAB CORP $38 EXP 08/15/25","2","$5.30","$1.32","-$1061.32"
"07/11/2025","Buy","MSTY","YIELDMAX MSTR OPT INCM STRTGY ETF","10","$22.005","","-$220.05"
"07/11/2025 as of 07/10/2025","MoneyLink Transfer","","Tfr Wells Fargo Bank N, IRIS P CAMPOS","","","","$1500.00"
"07/09/2025","Journaled Shares","TSLL","DIREXION DAILY TSLA BULL2X ETF","10","$10.09","",""
"07/09/2025","Journaled Shares","ONDS","ONDAS HLDGS INC","200","$1.84","",""
"07/09/2025","Journaled Shares","SWVXX","SCHWAB PRIME ADVANTAGE MONEY INVESTOR","355.73","$1.00","",""
"07/09/2025","Journal","","JOURNAL FRM ...021","","","","$819.47"
"07/09/2025","Journaled Shares","SNOXX","SCHWAB TREASURY OBLIG MONEY INV","1,066.35","$1.00","",""
"07/09/2025","Journaled Shares","SWVXX","SCHWAB PRIME ADVANTAGE MONEY INVESTOR","675.72","$1.00","",""
"07/09/2025","Journal","","JOURNAL FRM ...021","","","","$53.43"
