"Realized Gain/Loss for IC_-_Main for 01/01/2025 to 12/31/2025 as of Fri Jan 02  20:03:38 EDT 2026","","","","","","","","","","","","","","","","","","","","","","",""
"Symbol","Name","Closed Date","Quantity","Closing Price","Cost Basis Method","Proceeds","Cost Basis (CB)","Total Gain/Loss ($)","Total Gain/Loss (%)","Long Term (LT) Gain/Loss ($)","Long Term (LT) Gain/Loss (%)","Short Term (ST) Gain/Loss ($)","Short Term (ST) Gain/Loss (%)","Wash Sale?","Disallowed Loss","Transaction Closed Date","Transaction Cost Basis","Total Transaction Gain/Loss ($)","Total Transaction Gain/Loss (%)","LT Transaction Gain/Loss ($)","LT Transaction Gain/Loss (%)","ST Transaction Gain/Loss ($)","ST Transaction Gain/Loss (%)"
"ORCL 12/26/2025 202.50 C","CALL ORACLE CORP $202.5 EXP 12/26/25","12/26/2025","13","$0.00","FIFO","$0.00","$908.59","-$908.59","-100%","--","--","-$908.59","-100%","No","","12/26/2025","","","","","","",""
"MU 12/19/2025 260.00 C","CALL MICRON TECHNOLOGY INC $260 EXP 12/19/25","12/17/2025","1","$2.92","FIFO","$292.34","$292.66","-$0.32","-0.109341898449%","--","--","-$0.32","-0.1093418984487118%","No","","12/17/2025","","","","","","",""
"SPXW 12/15/2025 6800.00 P","PUT S & P 500 INDEX $6800 EXP 12/15/25","12/15/2025","2","$4.89","FIFO","$977.56","$842.44","$135.12","16.039124448032%","--","--","$135.12","16.03912444803191%","No","","12/15/2025","","","","","","",""
"SPXW 12/15/2025 6800.00 P","PUT S & P 500 INDEX $6800 EXP 12/15/25","12/15/2025","1","$4.99","FIFO","$498.78","$421.22","$77.56","18.413180760648%","--","--","$77.56","18.41318076064764%","No","","12/15/2025","","","","","","",""
"SPXW 12/12/2025 6810.00 P","PUT S & P 500 INDEX $6810 EXP 12/12/25","12/12/2025","1","$4.39","FIFO","$438.78","$331.22","$107.56","32.473884427269%","--","--","$107.56","32.473884427268885%","No","","12/12/2025","","","","","","",""
"AVGO 12/12/2025 360.00 P","PUT BROADCOM INC $360 EXP 12/12/25","12/12/2025","1","$3.34","FIFO","$334.34","$153.66","$180.68","117.58427697514%","--","--","$180.68","117.58427697513993%","No","","12/12/2025","","","","","","",""
"NVDA 12/12/2025 195.00 C","CALL NVIDIA CORP $195 EXP 12/12/25","12/12/2025","1","$0.00","FIFO","$0.00","$96.66","-$96.66","-100%","--","--","-$96.66","-100%","No","","12/12/2025","","","","","","",""
"NVDA 12/12/2025 190.00 C","CALL NVIDIA CORP $190 EXP 12/12/25","12/12/2025","1","$0.00","FIFO","$0.00","$226.66","-$226.66","-100%","--","--","-$226.66","-100%","No","","12/12/2025","","","","","","",""
"ASML 12/12/2025 1150.00 C","CALL ASML HLDG N V $1150 EXP 12/12/25","12/12/2025","1","$0.00","FIFO","$0.00","$500.66","-$500.66","-100%","--","--","-$500.66","-100%","No","","12/12/2025","","","","","","",""
"SPXW 12/11/2025 6900.00 C","CALL S & P 500 INDEX $6900 EXP 12/11/25","12/11/2025","1","$3.89","FIFO","$388.78","$216.22","$172.56","79.807603366941%","--","--","$172.56","79.80760336694108%","No","","12/11/2025","","","","","","",""
"ASML 12/12/2025 1130.00 C","CALL ASML HLDG N V $1130 EXP 12/12/25","12/11/2025","1","$6.89","FIFO","$689.34","$385.66","$303.68","78.742934190738%","--","--","$303.68","78.74293419073796%","No","","12/11/2025","","","","","","",""
"OKLO 12/12/2025 102.00 C","CALL OKLO INC $102 EXP 12/12/25","12/10/2025","1","$5.13","FIFO","$513.34","$315.66","$197.68","62.624342647152%","--","--","$197.68","62.624342647152%","No","","12/10/2025","","","","","","",""
"DUOL 12/12/2025 220.00 C","CALL DUOLINGO INC $220 EXP 12/12/25","12/09/2025","1","$2.39","FIFO","$239.34","$130.66","$108.68","83.17771314863%","--","--","$108.68","83.17771314863003%","No","","12/09/2025","","","","","","",""
"APP 12/12/2025 730.00 C","CALL APPLOVIN CORP $730 EXP 12/12/25","12/09/2025","1","$9.11","FIFO","$911.34","$660.66","$250.68","37.943874307511%","--","--","$250.68","37.94387430751067%","No","","12/09/2025","","","","","","",""
"SPXW 12/08/2025 6800.00 P","PUT S & P 500 INDEX $6800 EXP 12/08/25","12/08/2025","1","$1.04","FIFO","$103.78","$96.13","$7.65","7.957973577447%","--","--","$7.65","7.957973577447208%","No","","12/08/2025","","","","","","",""
"UNH 12/05/2025 350.00 C","CALL UNITEDHEALTH GROUP INC $350 EXP 12/05/25","12/05/2025","2","$0.00","FIFO","$0.00","$101.32","-$101.32","-100%","--","--","-$101.32","-100%","No","","12/05/2025","","","","","","",""
"RDDT 12/12/2025 250.00 C","CALL REDDIT INC $250 EXP 12/12/25","12/05/2025","1","$3.68","FIFO","$368.34","$240.66","$127.68","53.05410122164%","--","--","$127.68","53.054101221640494%","No","","12/05/2025","","","","","","",""
"NVDA 12/05/2025 185.00 C","CALL NVIDIA CORP $185 EXP 12/05/25","12/05/2025","1","$0.00","FIFO","$0.00","$130.66","-$130.66","-100%","--","--","-$130.66","-100%","No","","12/05/2025","","","","","","",""
"AMD 12/05/2025 225.00 C","CALL ADVANCED MICRO DEVIC $225 EXP 12/05/25","12/05/2025","1","$0.00","FIFO","$0.00","$96.66","-$96.66","-100%","--","--","-$96.66","-100%","No","","12/05/2025","","","","","","",""
"CAT 12/05/2025 597.50 C","CALL CATERPILLAR INC $597.5 EXP 12/05/25","12/03/2025","1","$3.14","FIFO","$314.34","$225.66","$88.68","39.298059026855%","--","--","$88.68","39.29805902685457%","No","","12/03/2025","","","","","","",""
"SPXW 12/02/2025 6875.00 C","CALL S & P 500 INDEX $6875 EXP 12/02/25","12/02/2025","1","$0.00","FIFO","$0.00","$81.13","-$81.13","-100%","--","--","-$81.13","-100%","No","","12/02/2025","","","","","","",""
"SPXW 12/01/2025 6850.00 C","CALL S & P 500 INDEX $6850 EXP 12/01/25","12/01/2025","1","$2.79","FIFO","$278.78","$226.22","$52.56","23.23401998055%","--","--","$52.56","23.23401998054991%","No","","12/01/2025","","","","","","",""
"SPXW 11/28/2025 6860.00 C","CALL S & P 500 INDEX $6860 EXP 11/28/25","11/28/2025","3","$0.44","FIFO","$131.61","$618.66","-$487.05","-78.726602657356%","--","--","-$487.05","-78.72660265735622%","No","","11/28/2025","","","","","","",""
"AMD 11/28/2025 225.00 C","CALL ADVANCED MICRO DEVIC $225 EXP 11/28/25","11/28/2025","1","$0.00","FIFO","$0.00","$174.66","-$174.66","-100%","--","--","-$174.66","-100%","No","","11/28/2025","","","","","","",""
"SPY 11/26/2025 681.00 C","CALL SPDR S&P 500 $681 EXP 11/26/25","11/26/2025","1","$0.00","FIFO","$0.00","$35.66","-$35.66","-100%","--","--","-$35.66","-100%","No","","11/26/2025","","","","","","",""
"SPXW 11/26/2025 6845.00 C","CALL S & P 500 INDEX $6845 EXP 11/26/25","11/26/2025","2","$2.29","FIFO","$457.56","$212.44","$245.12","115.383167011862%","--","--","$245.12","115.38316701186217%","No","","11/26/2025","","","","","","",""
"SPXW 11/24/2025 6550.00 P","PUT S & P 500 INDEX $6550 EXP 11/24/25","11/24/2025","10","$1.49","FIFO","$1,487.79","$3,912.21","-$2,424.42","-61.970599737744%","--","--","-$2,424.42","-61.97059973774414%","No","","11/24/2025","","","","","","",""
"SPXW 11/24/2025 6550.00 P","PUT S & P 500 INDEX $6550 EXP 11/24/25","11/24/2025","5","$0.69","FIFO","$344.35","$856.11","-$511.76","-59.777365058228%","--","--","-$511.76","-59.77736505822849%","No","","11/24/2025","","","","","","",""
"SPXW 11/24/2025 6550.00 P","PUT S & P 500 INDEX $6550 EXP 11/24/25","11/24/2025","5","$0.49","FIFO","$244.35","$856.10","-$611.75","-71.457773624577%","--","--","-$611.75","-71.45777362457657%","No","","11/24/2025","","","","","","",""
"SPXW 11/24/2025 6720.00 C","CALL S & P 500 INDEX $6720 EXP 11/24/25","11/24/2025","5","$2.39","FIFO","$1,193.90","$1,206.10","-$12.20","-1.011524749192%","--","--","-$12.20","-1.0115247491916093%","No","","11/24/2025","","","","","","",""
"SPXW 11/24/2025 6720.00 C","CALL S & P 500 INDEX $6720 EXP 11/24/25","11/24/2025","5","$1.09","FIFO","$543.90","$1,306.10","-$762.20","-58.356940509915%","--","--","-$762.20","-58.35694050991502%","No","","11/24/2025","","","","","","",""
"MSTR 11/21/2025 165.00 P","PUT STRATEGY INC $165 EXP 11/21/25","11/21/2025","3","$0.00","FIFO","$0.00","$271.98","-$271.98","-100%","--","--","-$271.98","-100%","No","","11/21/2025","","","","","","",""
"COIN 11/21/2025 235.00 P","PUT COINBASE GLOBAL INC $235 EXP 11/21/25","11/21/2025","5","$1.46","FIFO","$731.69","$443.31","$288.38","65.051544066229%","--","--","$288.38","65.05154406622906%","No","","11/21/2025","","","","","","",""
"COIN 11/21/2025 235.00 P","PUT COINBASE GLOBAL INC $235 EXP 11/21/25","11/21/2025","5","$0.00","FIFO","$0.00","$443.30","-$443.30","-100%","--","--","-$443.30","-100%","No","","11/21/2025","","","","","","",""
"COIN 11/21/2025 220.00 P","PUT COINBASE GLOBAL INC $220 EXP 11/21/25","11/21/2025","10","$0.00","FIFO","$0.00","$311.61","-$311.61","-100%","--","--","-$311.61","-100%","No","","11/21/2025","","","","","","",""
"MU 11/21/2025 265.00 C","CALL MICRON TECHNOLOGY INC $265 EXP 11/21/25","11/21/2025","5","$0.00","FIFO","$0.00","$123.30","-$123.30","-100%","--","--","-$123.30","-100%","No","","11/21/2025","","","","","","",""
"GS 11/21/2025 840.00 C","CALL GOLDMAN SACHS GROUP INC $840 EXP 11/21/25","11/21/2025","10","$0.00","FIFO","$0.00","$586.61","-$586.61","-100%","--","--","-$586.61","-100%","No","","11/21/2025","","","","","","",""
"SPXW 11/20/2025 6650.00 P","PUT S & P 500 INDEX $6650 EXP 11/20/25","11/20/2025","1","$5.99","FIFO","$598.78","$231.22","$367.56","158.965487414584%","--","--","$367.56","158.96548741458352%","No","","11/20/2025","","","","","","",""
"AMD 11/21/2025 205.00 P","PUT ADVANCED MICRO DEVIC $205 EXP 11/21/25","11/20/2025","1","$1.31","FIFO","$131.34","$122.66","$8.68","7.076471547367%","--","--","$8.68","7.076471547366705%","No","","11/20/2025","","","","","","",""
"SPXW 11/20/2025 6775.00 C","CALL S & P 500 INDEX $6775 EXP 11/20/25","11/20/2025","5","$0.48","FIFO","$239.35","$581.10","-$341.75","-58.81087592497%","--","--","-$341.75","-58.810875924969885%","No","","11/20/2025","","","","","","",""
"SPXW 11/20/2025 6660.00 C","CALL S & P 500 INDEX $6660 EXP 11/20/25","11/20/2025","1","$0.00","FIFO","$0.00","$106.22","-$106.22","-100%","--","--","-$106.22","-100%","No","","11/20/2025","","","","","","",""
"AMD 11/21/2025 232.50 C","CALL ADVANCED MICRO DEVIC $232.5 EXP 11/21/25","11/20/2025","1","$4.05","FIFO","$405.34","$216.66","$188.68","87.085756484815%","--","--","$188.68","87.08575648481492%","No","","11/20/2025","","","","","","",""
"SPXW 11/19/2025 6600.00 P","PUT S & P 500 INDEX $6600 EXP 11/19/25","11/19/2025","10","$3.79","FIFO","$3,787.79","$3,012.21","$775.58","25.747872824272%","--","--","$775.58","25.747872824271884%","No","","11/19/2025","","","","","","",""
"SPXW 11/19/2025 6580.00 P","PUT S & P 500 INDEX $6580 EXP 11/19/25","11/19/2025","10","$2.84","FIFO","$2,842.79","$4,312.21","-$1,469.42","-34.075798720378%","--","--","-$1,469.42","-34.07579872037772%","No","","11/19/2025","","","","","","",""
"SPXW 11/19/2025 6580.00 P","PUT S & P 500 INDEX $6580 EXP 11/19/25","11/19/2025","10","$2.79","FIFO","$2,792.79","$4,112.21","-$1,319.42","-32.085423652975%","--","--","-$1,319.42","-32.08542365297492%","No","","11/19/2025","","","","","","",""
"SPXW 11/19/2025 6580.00 P","PUT S & P 500 INDEX $6580 EXP 11/19/25","11/19/2025","10","$7.69","FIFO","$7,687.79","$4,712.21","$2,975.58","63.146167085083%","--","--","$2,975.58","63.14616708508321%","No","","11/19/2025","","","","","","",""
"SPXW 11/19/2025 6580.00 P","PUT S & P 500 INDEX $6580 EXP 11/19/25","11/19/2025","10","$3.49","FIFO","$3,487.79","$4,312.21","-$824.42","-19.118271141712%","--","--","-$824.42","-19.118271141711556%","No","","11/19/2025","","","","","","",""
"MU 11/21/2025 265.00 C","CALL MICRON TECHNOLOGY INC $265 EXP 11/21/25","11/19/2025","10","$0.40","FIFO","$403.36","$323.61","$79.75","24.643861438151%","--","--","$79.75","24.64386143815086%","No","","11/19/2025","","","","","","",""
"SPY 11/18/2025 655.00 P","PUT SPDR S&P 500 $655 EXP 11/18/25","11/18/2025","10","$1.41","FIFO","$1,413.36","$1,376.61","$36.75","2.669601412165%","--","--","$36.75","2.6696014121646656%","No","","11/18/2025","","","","","","",""
"SPY 11/18/2025 655.00 P","PUT SPDR S&P 500 $655 EXP 11/18/25","11/18/2025","10","$0.34","FIFO","$343.36","$836.61","-$493.25","-58.958176450198%","--","--","-$493.25","-58.95817645019782%","No","","11/18/2025","","","","","","",""
"SPY 11/18/2025 655.00 P","PUT SPDR S&P 500 $655 EXP 11/18/25","11/18/2025","3","$1.67","FIFO","$502.01","$496.98","$5.03","1.012113163508%","--","--","$5.03","1.012113163507586%","No","","11/18/2025","","","","","","",""
"MU 11/21/2025 265.00 C","CALL MICRON TECHNOLOGY INC $265 EXP 11/21/25","11/18/2025","2","$0.64","FIFO","$128.67","$111.32","$17.35","15.585698886094%","--","--","$17.35","15.585698886094146%","No","","11/18/2025","","","","","","",""
"GS 11/21/2025 800.00 C","CALL GOLDMAN SACHS GROUP INC $800 EXP 11/21/25","11/18/2025","1","$6.62","FIFO","$662.34","$427.66","$234.68","54.875368283216%","--","--","$234.68","54.87536828321564%","No","","11/18/2025","","","","","","",""
"CIFR 12/05/2025 15.00 C","CALL CIPHER MNG INC $15 EXP 12/05/25","11/18/2025","2","$1.22","FIFO","$244.67","$237.32","$7.35","3.0040462664%","--","--","$7.35","3.0040462663996403%","No","","11/17/2025","","","","","","",""
"SPXW 11/17/2025 6680.00 P","PUT S & P 500 INDEX $6680 EXP 11/17/25","11/17/2025","1","$7.89","FIFO","$788.78","$491.22","$297.56","60.575709458084%","--","--","$297.56","60.57570945808395%","No","","11/17/2025","","","","","","",""
"SPXW 11/17/2025 6650.00 P","PUT S & P 500 INDEX $6650 EXP 11/17/25","11/17/2025","5","$1.19","FIFO","$593.90","$806.10","-$212.20","-26.32427738494%","--","--","-$212.20","-26.324277384939833%","No","","11/17/2025","","","","","","",""
"SPXW 11/17/2025 6620.00 P","PUT S & P 500 INDEX $6620 EXP 11/17/25","11/17/2025","10","$1.79","FIFO","$1,787.79","$1,062.21","$725.58","68.308526562544%","--","--","$725.58","68.30852656254413%","No","","11/17/2025","","","","","","",""
"SPXW 11/17/2025 6600.00 P","PUT S & P 500 INDEX $6600 EXP 11/17/25","11/17/2025","3","$0.89","FIFO","$266.61","$108.39","$158.22","145.972875726543%","--","--","$158.22","145.97287572654304%","No","","11/17/2025","","","","","","",""
"CIFR","CIPHER MNG INC","11/17/2025","200","$14.14","FIFO","$2,828.97","$4,095.25","-$1,266.28","-30.920700811916%","--","--","-$1,266.28","-30.920700811916248%","No","","11/17/2025","$3,994.00","-$1,165.03","-29.169504256385%","","","-$1,165.03","-29.169504256384577%"
"TSLA 11/21/2025 440.00 C","CALL TESLA INC $440 EXP 11/21/25","11/17/2025","1","$3.49","FIFO","$349.34","$297.66","$51.68","17.362090976282%","--","--","$51.68","17.362090976281664%","No","","11/17/2025","","","","","","",""
"PLTR 11/14/2025 165.00 P","PUT PALANTIR TECHNOLOGIES INC $165 EXP 11/14/25","11/14/2025","2","$0.00","FIFO","$0.00","$201.32","-$201.32","-100%","--","--","-$201.32","-100%","No","","11/14/2025","","","","","","",""
"TSLA 11/14/2025 410.00 C","CALL TESLA INC $410 EXP 11/14/25","11/14/2025","3","$1.89","FIFO","$568.01","$271.98","$296.03","108.842561953085%","--","--","$296.03","108.84256195308477%","No","","11/14/2025","","","","","","",""
"PLTR 11/14/2025 200.00 C","CALL PALANTIR TECHNOLOGIES INC $200 EXP 11/14/25","11/14/2025","1","$0.00","FIFO","$0.00","$98.66","-$98.66","-100%","--","--","-$98.66","-100%","No","","11/14/2025","","","","","","",""
"ORCL 11/14/2025 230.00 C","CALL ORACLE CORP $230 EXP 11/14/25","11/14/2025","3","$0.00","FIFO","$0.00","$97.98","-$97.98","-100%","--","--","-$97.98","-100%","No","","11/14/2025","","","","","","",""
"COIN 11/14/2025 295.00 C","CALL COINBASE GLOBAL INC $295 EXP 11/14/25","11/14/2025","1","$0.00","FIFO","$0.00","$101.66","-$101.66","-100%","--","--","-$101.66","-100%","No","","11/14/2025","","","","","","",""
"CIFR 11/14/2025 22.00 C","CALL CIPHER MNG INC $22 EXP 11/14/25","11/14/2025","2","$1.87","FIFO","$374.67","$0.00","$374.67","100%","--","--","$374.67","100%","No","","11/14/2025","","","","","","",""
"SPXW 11/13/2025 6730.00 P","PUT S & P 500 INDEX $6730 EXP 11/13/25","11/13/2025","1","$10.99","FIFO","$1,098.78","$351.22","$747.56","212.846648824099%","--","--","$747.56","212.8466488240988%","No","","11/13/2025","","","","","","",""
"SPXW 11/12/2025 6900.00 C","CALL S & P 500 INDEX $6900 EXP 11/12/25","11/12/2025","2","$0.00","FIFO","$0.00","$212.44","-$212.44","-100%","--","--","-$212.44","-100%","No","","11/12/2025","","","","","","",""
"SPXW 11/12/2025 6900.00 C","CALL S & P 500 INDEX $6900 EXP 11/12/25","11/11/2025","2","$2.14","FIFO","$427.56","$142.26","$285.30","200.548291859975%","--","--","$285.30","200.5482918599747%","No","","11/11/2025","","","","","","",""
"PLTR 11/14/2025 200.00 C","CALL PALANTIR TECHNOLOGIES INC $200 EXP 11/14/25","11/10/2025","1","$2.37","FIFO","$237.34","$148.66","$88.68","59.652899233149%","--","--","$88.68","59.65289923314947%","No","","11/10/2025","","","","","","",""
"ORCL 11/07/2025 265.00 C","CALL ORACLE CORP $265 EXP 11/07/25","11/07/2025","1","$0.00","FIFO","$0.00","$62.66","-$62.66","-100%","--","--","-$62.66","-100%","No","","11/07/2025","","","","","","",""
"ARM 11/07/2025 210.00 C","CALL ARM HLDGS PLC EQUITY ADR $210 EXP 11/07/25","11/07/2025","1","$0.00","FIFO","$0.00","$330.66","-$330.66","-100%","--","--","-$330.66","-100%","No","","11/07/2025","","","","","","",""
"SPXW 11/06/2025 6730.00 P","PUT S & P 500 INDEX $6730 EXP 11/06/25","11/06/2025","1","$7.29","FIFO","$728.78","$601.22","$127.56","21.216859053258%","--","--","$127.56","21.216859053258375%","No","","11/06/2025","","","","","","",""
"SPXW 11/06/2025 6870.00 C","CALL S & P 500 INDEX $6870 EXP 11/06/25","11/06/2025","1","$0.00","FIFO","$0.00","$256.22","-$256.22","-100%","--","--","-$256.22","-100%","No","","11/06/2025","","","","","","",""
"SPXW 11/04/2025 6860.00 C","CALL S & P 500 INDEX $6860 EXP 11/04/25","11/04/2025","2","$0.00","FIFO","$0.00","$182.26","-$182.26","-100%","--","--","-$182.26","-100%","No","","11/04/2025","","","","","","",""
"GS 11/07/2025 820.00 C","CALL GOLDMAN SACHS GROUP INC $820 EXP 11/07/25","11/04/2025","1","$2.71","FIFO","$271.34","$290.66","-$19.32","-6.646941443611%","--","--","-$19.32","-6.646941443611092%","No","","11/04/2025","","","","","","",""
"SPXW 10/31/2025 6830.00 P","PUT S & P 500 INDEX $6830 EXP 10/31/25","10/31/2025","1","$13.49","FIFO","$1,348.78","$791.22","$557.56","70.468390586689%","--","--","$557.56","70.4683905866889%","No","","10/31/2025","","","","","","",""
"OKLO 10/31/2025 110.00 P","PUT OKLO INC $110 EXP 10/31/25","10/31/2025","3","$0.00","FIFO","$0.00","$346.98","-$346.98","-100%","--","--","-$346.98","-100%","No","","10/31/2025","","","","","","",""
"COIN 10/31/2025 300.00 P","PUT COINBASE GLOBAL INC $300 EXP 10/31/25","10/31/2025","2","$0.00","FIFO","$0.00","$335.32","-$335.32","-100%","--","--","-$335.32","-100%","No","","10/31/2025","","","","","","",""
"TSLA 10/31/2025 750.00 C","CALL TESLA INC $750 EXP 10/31/25","10/31/2025","25","$0.00","FIFO","$0.00","$41.52","-$41.52","-100%","--","--","-$41.52","-100%","No","","10/31/2025","","","","","","",""
"ORCL 10/31/2025 300.00 C","CALL ORACLE CORP $300 EXP 10/31/25","10/31/2025","1","$0.00","FIFO","$0.00","$130.66","-$130.66","-100%","--","--","-$130.66","-100%","No","","10/31/2025","","","","","","",""
"ORCL 10/31/2025 265.00 C","CALL ORACLE CORP $265 EXP 10/31/25","10/31/2025","2","$0.00","FIFO","$0.00","$237.32","-$237.32","-100%","--","--","-$237.32","-100%","No","","10/31/2025","","","","","","",""
"META 10/31/2025 820.00 C","CALL META PLATFORMS INC $820 EXP 10/31/25","10/31/2025","1","$0.00","FIFO","$0.00","$521.66","-$521.66","-100%","--","--","-$521.66","-100%","No","","10/31/2025","","","","","","",""
"IREN 10/31/2025 70.00 C","CALL IREN LTD $70 EXP 10/31/25","10/31/2025","1","$0.00","FIFO","$0.00","$130.66","-$130.66","-100%","--","--","-$130.66","-100%","No","","10/31/2025","","","","","","",""
"ISRG 10/31/2025 600.00 C","CALL INTUITIVE SURGICAL INC $600 EXP 10/31/25","10/31/2025","3","$0.00","FIFO","$0.00","$496.98","-$496.98","-100%","--","--","-$496.98","-100%","No","","10/31/2025","","","","","","",""
"GS 10/31/2025 820.00 C","CALL GOLDMAN SACHS GROUP INC $820 EXP 10/31/25","10/31/2025","3","$0.00","FIFO","$0.00","$514.98","-$514.98","-100%","--","--","-$514.98","-100%","No","","10/31/2025","","","","","","",""
"LLY 10/31/2025 880.00 C","CALL ELI LILLY AND CO $880 EXP 10/31/25","10/31/2025","1","$0.00","FIFO","$0.00","$223.66","-$223.66","-100%","--","--","-$223.66","-100%","No","","10/31/2025","","","","","","",""
"CRWV 10/31/2025 150.00 C","CALL COREWEAVE INC $150 EXP 10/31/25","10/31/2025","2","$0.00","FIFO","$0.00","$211.32","-$211.32","-100%","--","--","-$211.32","-100%","No","","10/31/2025","","","","","","",""
"COIN 10/31/2025 370.00 C","CALL COINBASE GLOBAL INC $370 EXP 10/31/25","10/31/2025","1","$0.00","FIFO","$0.00","$430.66","-$430.66","-100%","--","--","-$430.66","-100%","No","","10/31/2025","","","","","","",""
"ALGN 10/31/2025 160.00 C","CALL ALIGN TECHNOLOGY INC $160 EXP 10/31/25","10/31/2025","2","$0.00","FIFO","$0.00","$241.32","-$241.32","-100%","--","--","-$241.32","-100%","No","","10/31/2025","","","","","","",""
"SPXW 10/30/2025 6800.00 P","PUT S & P 500 INDEX $6800 EXP 10/30/25","10/30/2025","1","$0.00","FIFO","$0.00","$296.22","-$296.22","-100%","--","--","-$296.22","-100%","No","","10/30/2025","","","","","","",""
"SPXW 10/30/2025 6970.00 C","CALL S & P 500 INDEX $6970 EXP 10/30/25","10/30/2025","1","$0.00","FIFO","$0.00","$331.22","-$331.22","-100%","--","--","-$331.22","-100%","No","","10/30/2025","","","","","","",""
"LLY 10/31/2025 850.00 C","CALL ELI LILLY AND CO $850 EXP 10/31/25","10/30/2025","1","$6.85","FIFO","$685.34","$470.66","$214.68","45.612544087027%","--","--","$214.68","45.61254408702673%","No","","10/30/2025","","","","","","",""
"SPXW 10/29/2025 6850.00 P","PUT S & P 500 INDEX $6850 EXP 10/29/25","10/29/2025","1","$11.49","FIFO","$1,148.78","$381.22","$767.56","201.343056502807%","--","--","$767.56","201.34305650280675%","No","","10/29/2025","","","","","","",""
"GLD 11/05/2025 370.00 C","CALL SPDR GOLD TR $370 EXP 11/05/25","10/29/2025","1","$4.67","FIFO","$467.34","$515.66","-$48.32","-9.370515455921%","--","--","-$48.32","-9.370515455920568%","No","","10/29/2025","","","","","","",""
"SPXW 10/29/2025 6950.00 C","CALL S & P 500 INDEX $6950 EXP 10/29/25","10/29/2025","1","$0.00","FIFO","$0.00","$256.22","-$256.22","-100%","--","--","-$256.22","-100%","No","","10/29/2025","","","","","","",""
"BE 10/31/2025 150.00 C","CALL BLOOM ENERGY CORP $150 EXP 10/31/25","10/29/2025","1","$3.13","FIFO","$313.34","$100.66","$212.68","211.285515597059%","--","--","$212.68","211.28551559705943%","No","","10/29/2025","","","","","","",""
"RH 10/31/2025 220.00 C","CALL RH $220 EXP 10/31/25","10/28/2025","1","$1.79","FIFO","$179.34","$176.66","$2.68","1.517038378807%","--","--","$2.68","1.5170383788067474%","No","","10/28/2025","","","","","","",""
"CRWV 10/31/2025 140.00 C","CALL COREWEAVE INC $140 EXP 10/31/25","10/28/2025","1","$4.95","FIFO","$495.34","$250.66","$244.68","97.614298252613%","--","--","$244.68","97.61429825261311%","No","","10/28/2025","","","","","","",""
"ORCL 10/24/2025 300.00 C","CALL ORACLE CORP $300 EXP 10/24/25","10/24/2025","12","$0.00","FIFO","$0.00","$283.93","-$283.93","-100%","--","--","-$283.93","-100%","No","","10/24/2025","","","","","","",""
"ORCL 10/24/2025 285.00 C","CALL ORACLE CORP $285 EXP 10/24/25","10/24/2025","1","$1.66","FIFO","$166.34","$110.66","$55.68","50.316284113501%","--","--","$55.68","50.31628411350082%","No","","10/24/2025","","","","","","",""
"NBIS 10/24/2025 150.00 C","CALL NEBIUS GROUP N V A $150 EXP 10/24/25","10/24/2025","3","$0.00","FIFO","$0.00","$511.98","-$511.98","-100%","--","--","-$511.98","-100%","No","","10/24/2025","","","","","","",""
"IREN 10/24/2025 70.00 C","CALL IREN LTD $70 EXP 10/24/25","10/24/2025","2","$0.00","FIFO","$0.00","$821.32","-$821.32","-100%","--","--","-$821.32","-100%","No","","10/24/2025","","","","","","",""
"GS 10/24/2025 770.00 C","CALL GOLDMAN SACHS GROUP INC $770 EXP 10/24/25","10/24/2025","4","$2.71","FIFO","$1,085.35","$422.64","$662.71","156.802479651713%","--","--","$662.71","156.80247965171304%","No","","10/24/2025","","","","","","",""
"GS 10/24/2025 770.00 C","CALL GOLDMAN SACHS GROUP INC $770 EXP 10/24/25","10/24/2025","1","$2.59","FIFO","$259.34","$110.66","$148.68","134.357491415145%","--","--","$148.68","134.3574914151455%","No","","10/24/2025","","","","","","",""
"CRWV 10/24/2025 140.00 C","CALL COREWEAVE INC $140 EXP 10/24/25","10/24/2025","1","$0.00","FIFO","$0.00","$209.66","-$209.66","-100%","--","--","-$209.66","-100%","No","","10/24/2025","","","","","","",""
"CRWV 10/24/2025 130.00 C","CALL COREWEAVE INC $130 EXP 10/24/25","10/24/2025","5","$2.14","FIFO","$1,071.69","$298.30","$773.39","259.265839758632%","--","--","$773.39","259.26583975863224%","No","","10/24/2025","","","","","","",""
"ARM 10/24/2025 190.00 C","CALL ARM HLDGS PLC EQUITY ADR $190 EXP 10/24/25","10/24/2025","5","$0.00","FIFO","$0.00","$853.30","-$853.30","-100%","--","--","-$853.30","-100%","No","","10/24/2025","","","","","","",""
"UP","WHEELS UP EXPERIENCE A","10/22/2025","500","$1.42","FIFO","$709.92","$1,230.19","-$520.27","-42.291841097717%","--","--","-$520.27","-42.291841097716606%","No","","10/22/2025","","","","","","",""
"USAR","USA RARE EARTH INC CLASS A","10/22/2025","25","$23.64","FIFO","$591.06","$924.00","-$332.94","-36.032467532468%","--","--","-$332.94","-36.032467532467535%","No","","10/22/2025","","","","","","",""
"SLDP","SOLID PWR INC A","10/22/2025","200","$5.51","FIFO","$1,101.97","$1,289.16","-$187.19","-14.520307797325%","--","--","-$187.19","-14.52030779732539%","No","","10/22/2025","","","","","","",""
"OKLO 10/31/2025 120.00 P","PUT OKLO INC $120 EXP 10/31/25","10/22/2025","1","$9.04","FIFO","$904.34","$455.66","$448.68","98.468156081289%","--","--","$448.68","98.46815608128867%","No","","10/22/2025","","","","","","",""
"NBIS 10/24/2025 95.00 P","PUT NEBIUS GROUP N V A $95 EXP 10/24/25","10/22/2025","2","$1.79","FIFO","$357.67","$242.32","$115.35","47.602344007923%","--","--","$115.35","47.602344007923406%","No","","10/22/2025","","","","","","",""
"ONDS","ONDAS HLDGS INC","10/22/2025","225","$6.87","FIFO","$1,545.98","$1,270.12","$275.86","21.719207633924%","--","--","$275.86","21.719207633924356%","No","","10/22/2025","","","","","","",""
"LWLG","LIGHTWAVE LOGIC INC","10/22/2025","250","$4.66","FIFO","$1,164.96","$877.60","$287.36","32.743846855059%","--","--","$287.36","32.74384685505925%","No","","10/22/2025","","","","","","",""
"LPTH","LIGHTPATH TECHNOLOGI A","10/22/2025","50","$7.09","FIFO","$354.49","$446.85","-$92.36","-20.669128342844%","--","--","-$92.36","-20.669128342844353%","No","","10/22/2025","","","","","","",""
"HUT","HUT 8 CORP","10/22/2025","20","$36.45","FIFO","$729.01","$911.82","-$182.81","-20.048913162686%","--","--","-$182.81","-20.048913162685615%","No","","10/22/2025","","","","","","",""
"CIFR","CIPHER MNG INC","10/22/2025","125","$16.70","FIFO","$2,087.48","$2,075.25","$113.48","5.468256836526%","--","--","$113.48","5.46825683652572%","Yes","$101.25","10/22/2025","","","","","","",""
"ISRG 10/24/2025 520.00 C","CALL INTUITIVE SURGICAL INC $520 EXP 10/24/25","10/22/2025","1","$28.89","FIFO","$2,889.34","$270.66","$2,618.68","967.516441291657%","--","--","$2,618.68","967.5164412916572%","No","","10/22/2025","","","","","","",""
"BFLY","BUTTERFLY NETWORK IN A","10/22/2025","50","$2.19","FIFO","$109.50","$95.79","$13.71","14.312558722205%","--","--","$13.71","14.312558722204823%","No","","10/22/2025","","","","","","",""
"BKSY","BLACKSKY TECHNOLOGY","10/22/2025","50","$21.33","FIFO","$1,066.50","$1,530.00","-$463.50","-30.294117647059%","--","--","-$463.50","-30.294117647058822%","No","","10/22/2025","","","","","","",""
"BITF","BITFARMS LTD","10/22/2025","460","$4.16","FIFO","$1,914.72","$1,333.20","$581.52","43.618361836184%","--","--","$581.52","43.61836183618362%","No","","10/22/2025","","","","","","",""
"BTBT","BIT DIGITAL INC.","10/22/2025","250","$3.53","FIFO","$883.04","$1,000.00","-$116.96","-11.696%","--","--","-$116.96","-11.696%","No","","10/22/2025","","","","","","",""
"OKLO 10/24/2025 140.00 P","PUT OKLO INC $140 EXP 10/24/25","10/21/2025","1","$4.19","FIFO","$419.34","$275.66","$143.68","52.122179496481%","--","--","$143.68","52.122179496481166%","No","","10/21/2025","","","","","","",""
"QQQ 10/20/2025 609.00 P","PUT INVESCO QQQ TR $609 EXP 10/20/25","10/20/2025","10","$0.49","FIFO","$493.36","$1,036.61","-$543.25","-52.406401636102%","--","--","-$543.25","-52.406401636102295%","No","","10/20/2025","","","","","","",""
"LRCX 10/17/2025 149.00 C","CALL LAM RESH CORP $149 EXP 10/17/25","10/17/2025","1","$0.00","FIFO","$0.00","$64.66","-$64.66","-100%","--","--","-$64.66","-100%","No","","10/17/2025","","","","","","",""
"JD 10/17/2025 37.00 C","CALL JD COM INC $37 EXP 10/17/25","10/17/2025","2","$0.00","FIFO","$0.00","$223.32","-$223.32","-100%","--","--","-$223.32","-100%","No","","10/17/2025","","","","","","",""
"GS 10/17/2025 820.00 C","CALL GOLDMAN SACHS GROUP INC $820 EXP 10/17/25","10/17/2025","1","$0.00","FIFO","$0.00","$610.66","-$610.66","-100%","--","--","-$610.66","-100%","No","","10/17/2025","","","","","","",""
"COIN 10/17/2025 375.00 C","CALL COINBASE GLOBAL INC $375 EXP 10/17/25","10/17/2025","1","$0.00","FIFO","$0.00","$475.66","-$475.66","-100%","--","--","-$475.66","-100%","No","","10/17/2025","","","","","","",""
"SPXW 10/16/2025 6650.00 P","PUT S & P 500 INDEX $6650 EXP 10/16/25","10/16/2025","1","$29.39","FIFO","$2,938.78","$821.22","$2,117.56","257.855385889287%","--","--","$2,117.56","257.85538588928665%","No","","10/16/2025","","","","","","",""
"CRWV 10/24/2025 152.50 C","CALL COREWEAVE INC $152.5 EXP 10/24/25","10/16/2025","3","$7.54","FIFO","$2,263.01","$1,126.98","$1,136.03","100.803031109691%","--","--","$1,136.03","100.80303110969137%","No","","10/16/2025","","","","","","",""
"SPXW 10/15/2025 6675.00 P","PUT S & P 500 INDEX $6675 EXP 10/15/25","10/15/2025","2","$13.89","FIFO","$2,777.56","$1,082.44","$1,695.12","156.601751598241%","--","--","$1,695.12","156.60175159824098%","No","","10/15/2025","","","","","","",""
"LRCX 10/17/2025 149.00 C","CALL LAM RESH CORP $149 EXP 10/17/25","10/15/2025","3","$1.19","FIFO","$358.01","$193.98","$164.03","84.560263944737%","--","--","$164.03","84.56026394473658%","No","","10/15/2025","","","","","","",""
"LRCX 10/17/2025 149.00 C","CALL LAM RESH CORP $149 EXP 10/17/25","10/15/2025","1","$1.08","FIFO","$108.34","$64.66","$43.68","67.553356016084%","--","--","$43.68","67.55335601608414%","No","","10/15/2025","","","","","","",""
"SPXW 10/14/2025 6680.00 C","CALL S & P 500 INDEX $6680 EXP 10/14/25","10/14/2025","2","$3.69","FIFO","$737.56","$192.26","$545.30","283.626339332154%","--","--","$545.30","283.6263393321544%","No","","10/14/2025","","","","","","",""
"SPXW 10/14/2025 6680.00 C","CALL S & P 500 INDEX $6680 EXP 10/14/25","10/14/2025","1","$2.84","FIFO","$283.78","$96.13","$187.65","195.204410693852%","--","--","$187.65","195.20441069385208%","No","","10/14/2025","","","","","","",""
"SPXW 10/14/2025 6680.00 C","CALL S & P 500 INDEX $6680 EXP 10/14/25","10/14/2025","1","$9.59","FIFO","$958.78","$491.22","$467.56","95.183420870486%","--","--","$467.56","95.18342087048572%","No","","10/14/2025","","","","","","",""
"BITF","BITFARMS LTD","10/14/2025","340","$5.81","FIFO","$1,976.84","$958.80","$1,018.04","106.178556528995%","--","--","$1,018.04","106.17855652899458%","No","","10/14/2025","","","","","","",""
"BULL 10/10/2025 16.50 C","CALL WEBULL CORP $16.5 EXP 10/10/25","10/10/2025","2","$0.00","FIFO","$0.00","$203.32","-$203.32","-100%","--","--","-$203.32","-100%","No","","10/10/2025","","","","","","",""
"SOFI 10/10/2025 27.50 C","CALL SOFI TECHNOLOGIES INC $27.5 EXP 10/10/25","10/10/2025","2","$2.14","FIFO","$428.67","$347.32","$81.35","23.422204307267%","--","--","$81.35","23.422204307267073%","No","","10/10/2025","","","","","","",""
"IREN 10/10/2025 70.00 C","CALL IREN LTD $70 EXP 10/10/25","10/10/2025","2","$1.06","FIFO","$212.67","$127.32","$85.35","67.035815268615%","--","--","$85.35","67.03581526861451%","No","","10/10/2025","","","","","","",""
"CRCL 10/10/2025 220.00 C","CALL CIRCLE INTERNET GROUP INC $220 EXP 10/10/25","10/10/2025","5","$0.00","FIFO","$0.00","$238.30","-$238.30","-100%","--","--","-$238.30","-100%","No","","10/10/2025","","","","","","",""
"BITF","BITFARMS LTD","10/10/2025","200","$5.05","FIFO","$1,010.62","$551.00","$459.62","83.415607985481%","--","--","$459.62","83.41560798548095%","No","","10/10/2025","","","","","","",""
"PLUG 10/17/2025 4.50 C","CALL PLUG PWR INC $4.5 EXP 10/17/25","10/07/2025","2","$0.33","FIFO","$66.67","$67.32","-$0.65","-0.965537730244%","--","--","-$0.65","-0.9655377302436128%","No","","10/07/2025","","","","","","",""
"IREN 10/10/2025 70.00 C","CALL IREN LTD $70 EXP 10/10/25","10/07/2025","3","$1.18","FIFO","$355.01","$190.98","$164.03","85.888574719866%","--","--","$164.03","85.88857471986596%","No","","10/07/2025","","","","","","",""
"BMNR 11/21/2025 65.00 C","CALL BITMINE IMMERSION TECNOLOGIES INC $65 EXP 11/21/25","10/07/2025","1","$9.79","FIFO","$979.34","$900.66","$78.68","8.735815957187%","--","--","$78.68","8.735815957186952%","No","","10/07/2025","","","","","","",""
"BULL 10/03/2025 16.00 C","CALL WEBULL CORP $16 EXP 10/03/25","10/03/2025","10","$0.00","FIFO","$0.00","$56.61","-$56.61","-100%","--","--","-$56.61","-100%","No","","10/03/2025","","","","","","",""
"TSLA 10/03/2025 470.00 C","CALL TESLA INC $470 EXP 10/03/25","10/03/2025","1","$0.00","FIFO","$0.00","$274.66","-$274.66","-100%","--","--","-$274.66","-100%","No","","10/03/2025","","","","","","",""
"RGTI 10/03/2025 40.00 C","CALL RIGETTI COMPUTING INC $40 EXP 10/03/25","10/03/2025","1","$0.79","FIFO","$79.34","$24.66","$54.68","221.735604217356%","--","--","$54.68","221.73560421735604%","No","","10/03/2025","","","","","","",""
"CRWV 10/03/2025 145.00 C","CALL COREWEAVE INC $145 EXP 10/03/25","10/03/2025","1","$0.00","FIFO","$0.00","$38.66","-$38.66","-100%","--","--","-$38.66","-100%","No","","10/03/2025","","","","","","",""
"AVGO 10/03/2025 355.00 C","CALL BROADCOM INC $355 EXP 10/03/25","10/03/2025","10","$0.00","FIFO","$0.00","$86.61","-$86.61","-100%","--","--","-$86.61","-100%","No","","10/03/2025","","","","","","",""
"BMNR 10/03/2025 60.00 C","CALL BITMINE IMMERSION TECNOLOGIES INC $60 EXP 10/03/25","10/03/2025","5","$0.00","FIFO","$0.00","$143.30","-$143.30","-100%","--","--","-$143.30","-100%","No","","10/03/2025","","","","","","",""
"ONDS","ONDAS HLDGS INC","10/02/2025","100","$9.16","FIFO","$915.98","$455.00","$460.98","101.314285714286%","--","--","$460.98","101.31428571428572%","No","","10/02/2025","","","","","","",""
"LWLG","LIGHTWAVE LOGIC INC","10/02/2025","250","$4.28","FIFO","$1,071.21","$900.00","$171.21","19.023333333333%","--","--","$171.21","19.023333333333333%","No","","10/02/2025","","","","","","",""
"BULL 10/03/2025 15.00 C","CALL WEBULL CORP $15 EXP 10/03/25","09/30/2025","2","$0.86","FIFO","$172.67","$153.32","$19.35","12.620662666319%","--","--","$19.35","12.620662666318813%","No","","09/30/2025","","","","","","",""
"CRWV 10/17/2025 180.00 C","CALL COREWEAVE INC $180 EXP 10/17/25","09/30/2025","2","$1.82","FIFO","$364.67","$223.32","$141.35","63.294823571557%","--","--","$141.35","63.29482357155651%","No","","09/30/2025","","","","","","",""
"BULL 10/03/2025 15.00 C","CALL WEBULL CORP $15 EXP 10/03/25","09/26/2025","2","$0.82","FIFO","$164.67","$159.32","$5.35","3.358021591765%","--","--","$5.35","3.3580215917650014%","No","","09/26/2025","","","","","","",""
"HOOD 09/26/2025 150.00 C","CALL ROBINHOOD MKTS INC $150 EXP 09/26/25","09/26/2025","4","$0.00","FIFO","$0.00","$38.64","-$38.64","-100%","--","--","-$38.64","-100%","No","","09/26/2025","","","","","","",""
"ORCL 09/26/2025 350.00 C","CALL ORACLE CORP $350 EXP 09/26/25","09/26/2025","4","$0.00","FIFO","$0.00","$218.64","-$218.64","-100%","--","--","-$218.64","-100%","No","","09/26/2025","","","","","","",""
"NVDA 09/26/2025 195.00 C","CALL NVIDIA CORP $195 EXP 09/26/25","09/26/2025","3","$0.00","FIFO","$0.00","$187.98","-$187.98","-100%","--","--","-$187.98","-100%","No","","09/26/2025","","","","","","",""
"LDI 09/26/2025 5.00 C","CALL LOANDEPOT INC $5 EXP 09/26/25","09/26/2025","2","$0.00","FIFO","$0.00","$131.32","-$131.32","-100%","--","--","-$131.32","-100%","No","","09/26/2025","","","","","","",""
"JD 09/26/2025 40.00 C","CALL JD COM INC $40 EXP 09/26/25","09/26/2025","75","$0.00","FIFO","$0.00","$374.57","-$374.57","-100%","--","--","-$374.57","-100%","No","","09/26/2025","","","","","","",""
"ETHA 09/26/2025 35.00 C","CALL ISHRS ETHEREUM TRST $35 EXP 09/26/25","09/26/2025","2","$0.00","FIFO","$0.00","$271.32","-$271.32","-100%","--","--","-$271.32","-100%","No","","09/26/2025","","","","","","",""
"CRWV 09/26/2025 180.00 C","CALL COREWEAVE INC $180 EXP 09/26/25","09/26/2025","5","$0.00","FIFO","$0.00","$113.30","-$113.30","-100%","--","--","-$113.30","-100%","No","","09/26/2025","","","","","","",""
"CRWV 09/26/2025 150.00 C","CALL COREWEAVE INC $150 EXP 09/26/25","09/26/2025","10","$0.00","FIFO","$0.00","$356.61","-$356.61","-100%","--","--","-$356.61","-100%","No","","09/26/2025","","","","","","",""
"AVGO 09/26/2025 385.00 C","CALL BROADCOM INC $385 EXP 09/26/25","09/26/2025","75","$0.00","FIFO","$0.00","$349.57","-$349.57","-100%","--","--","-$349.57","-100%","No","","09/26/2025","","","","","","",""
"LDI","LOANDEPOT INC A","09/24/2025","200","$3.36","FIFO","$672.21","$885.00","-$212.79","-24.04406779661%","--","--","-$212.79","-24.04406779661017%","No","","09/24/2025","","","","","","",""
"LWLG","LIGHTWAVE LOGIC INC","09/24/2025","200","$4.42","FIFO","$884.87","$720.00","$164.87","22.898611111111%","--","--","$164.87","22.898611111111112%","No","","09/24/2025","","","","","","",""
"HIVE","HIVE DIGITAL TECHNOL","09/24/2025","50","$3.91","FIFO","$195.50","$208.79","-$13.29","-6.365247377748%","--","--","-$13.29","-6.365247377747976%","No","","09/24/2025","","","","","","",""
"RKT 10/17/2025 22.00 C","CALL ROCKET COMPANIES CLA A $22 EXP 10/17/25","09/22/2025","1","$0.80","FIFO","$80.34","$136.66","-$56.32","-41.211766427631%","--","--","-$56.32","-41.21176642763062%","No","","09/22/2025","","","","","","",""
"BFLY 01/16/2026 2.00 C","CALL BUTTERFLY NETWORK INC $2 EXP 01/16/26","09/22/2025","3","$0.51","FIFO","$154.01","$136.98","$17.03","12.432471893707%","--","--","$17.03","12.432471893707113%","No","","09/22/2025","","","","","","",""
"CMG 09/19/2025 45.00 C","CALL CHIPOTLE MEXICAN GRILL INC $45 EXP 09/19/25","09/19/2025","2","$0.00","FIFO","$0.00","$247.32","-$247.32","-100%","--","--","-$247.32","-100%","No","","09/19/2025","","","","","","",""
"ETHA 09/19/2025 34.00 C","CALL ISHRS ETHEREUM TRST $34 EXP 09/19/25","09/18/2025","2","$1.14","FIFO","$228.67","$395.32","-$166.65","-42.155721946777%","--","--","-$166.65","-42.1557219467773%","No","","09/18/2025","","","","","","",""
"OPEN 09/19/2025 10.00 C","CALL OPENDOOR TECHNOLOGIES INC $10 EXP 09/19/25","09/17/2025","5","$0.54","FIFO","$271.69","$253.30","$18.39","7.260165811291%","--","--","$18.39","7.2601658112909595%","No","","09/17/2025","","","","","","",""
"OPEN 09/19/2025 10.00 C","CALL OPENDOOR TECHNOLOGIES INC $10 EXP 09/19/25","09/17/2025","5","$1.05","FIFO","$526.69","$253.31","$273.38","107.923098180096%","--","--","$273.38","107.92309818009554%","No","","09/17/2025","","","","","","",""
"UP","WHEELS UP EXPERIENCE A","09/16/2025","850","$2.06","FIFO","$1,751.88","$1,615.00","$136.88","8.475541795666%","--","--","$136.88","8.475541795665634%","No","","09/16/2025","","","","","","",""
"ONDS","ONDAS HLDGS INC","09/16/2025","325","$6.04","FIFO","$1,964.58","$1,321.88","$642.70","48.620147063274%","--","--","$642.70","48.620147063273514%","No","","09/16/2025","","","","","","",""
"CRWV 09/19/2025 180.00 C","CALL COREWEAVE INC $180 EXP 09/19/25","09/16/2025","5","$0.04","FIFO","$21.69","$93.30","-$71.61","-76.752411575563%","--","--","-$71.61","-76.7524115755627%","No","","09/16/2025","","","","","","",""
"SOFI 09/19/2025 27.00 C","CALL SOFI TECHNOLOGIES INC $27 EXP 09/19/25","09/15/2025","5","$1.07","FIFO","$536.69","$353.30","$183.39","51.90772714407%","--","--","$183.39","51.90772714407019%","No","","09/15/2025","","","","","","",""
"SOFI 09/19/2025 25.00 C","CALL SOFI TECHNOLOGIES INC $25 EXP 09/19/25","09/15/2025","1","$2.53","FIFO","$253.34","$140.66","$112.68","80.108061993459%","--","--","$112.68","80.10806199345942%","No","","09/15/2025","","","","","","",""
"JD 10/17/2025 37.00 C","CALL JD COM INC $37 EXP 10/17/25","09/15/2025","2","$1.14","FIFO","$228.67","$235.32","-$6.65","-2.908120872874%","--","--","-$6.65","-2.9081208728735737%","No","","09/12/2025","","","","","","",""
"JD 09/12/2025 35.00 C","CALL JD COM INC $35 EXP 09/12/25","09/12/2025","1","$0.00","FIFO","$0.00","$12.66","-$12.66","-100%","--","--","-$12.66","-100%","No","","09/12/2025","","","","","","",""
"JD 09/12/2025 35.00 C","CALL JD COM INC $35 EXP 09/12/25","09/11/2025","4","$0.15","FIFO","$61.35","$50.64","$10.71","21.149289099526%","--","--","$10.71","21.149289099526065%","No","","09/11/2025","","","","","","",""
"SOFI 09/12/2025 27.00 C","CALL SOFI TECHNOLOGIES INC $27 EXP 09/12/25","09/10/2025","5","$0.25","FIFO","$126.69","$353.30","-$226.61","-64.140956694028%","--","--","-$226.61","-64.14095669402774%","No","","09/10/2025","","","","","","",""
"RKT 09/19/2025 20.20 C","CALL ROCKET COMPANIES CLA A $20.2 EXP 09/19/25","09/10/2025","5","$2.14","FIFO","$1,071.69","$628.30","$443.39","70.569791500875%","--","--","$443.39","70.56979150087538%","No","","09/10/2025","","","","","","",""
"RGTI 09/19/2025 16.00 C","CALL RIGETTI COMPUTING INC $16 EXP 09/19/25","09/10/2025","1","$1.03","FIFO","$103.34","$97.66","$5.68","5.816096661888%","--","--","$5.68","5.816096661888183%","No","","09/10/2025","","","","","","",""
"ONDS 09/19/2025 5.00 C","CALL ONDAS HLDGS INC $5 EXP 09/19/25","09/10/2025","4","$0.15","FIFO","$61.35","$302.64","-$241.29","-393.300733496332%","--","--","-$241.29","-393.3007334963325%","No","","09/09/2025","","","","","","",""
"ABTC","AMERICAN BITCOIN COR A","09/10/2025","100","$10.01","FIFO","$1,001.48","$829.35","$172.13","20.754807982155%","--","--","$172.13","20.7548079821547%","No","","09/10/2025","","","","","","",""
"NVDA 09/12/2025 175.00 C","CALL NVIDIA CORP $175 EXP 09/12/25","09/08/2025","2","$0.87","FIFO","$174.67","$321.32","-$146.65","-45.639860575128%","--","--","-$146.65","-45.6398605751276%","No","","09/08/2025","","","","","","",""
"SOFI 09/12/2025 24.00 C","CALL SOFI TECHNOLOGIES INC $24 EXP 09/12/25","09/05/2025","1","$1.71","FIFO","$171.34","$150.66","$20.68","13.726271073941%","--","--","$20.68","13.726271073941327%","No","","09/05/2025","","","","","","",""
"RKT 09/12/2025 19.50 C","CALL ROCKET COMPANIES CLA A $19.5 EXP 09/12/25","09/05/2025","5","$1.28","FIFO","$641.69","$618.30","$23.39","3.782953258936%","--","--","$23.39","3.7829532589357924%","No","","09/05/2025","","","","","","",""
"ETHA 09/05/2025 36.00 C","CALL ISHRS ETHEREUM TRST $36 EXP 09/05/25","09/05/2025","1","$0.00","FIFO","$0.00","$250.66","-$250.66","-100%","--","--","-$250.66","-100%","No","","09/05/2025","","","","","","",""
"TSLA 08/29/2025 360.00 C","CALL TESLA INC $360 EXP 08/29/25","08/29/2025","1","$0.00","FIFO","$0.00","$309.98","-$309.98","-100%","--","--","-$309.98","-100%","No","","08/29/2025","$280.66","-$280.66","","","","-$280.66",""
"BABA 10/17/2025 130.00 C","CALL ALIBABA GROUP HLDG LTD $130 EXP 10/17/25","08/29/2025","1","$8.35","FIFO","$835.34","$555.66","$279.68","50.332937407767%","--","--","$279.68","50.33293740776734%","No","","08/29/2025","","","","","","",""
"ETHA 09/19/2025 35.00 C","CALL ISHRS ETHEREUM TRST $35 EXP 09/19/25","08/27/2025","5","$2.43","FIFO","$1,216.69","$1,428.30","-$211.61","-14.81551494784%","--","--","-$211.61","-14.815514947840091%","No","","08/27/2025","","","","","","",""
"ETHA 09/12/2025 33.00 C","CALL ISHRS ETHEREUM TRST $33 EXP 09/12/25","08/27/2025","2","$3.03","FIFO","$606.67","$521.32","$85.35","16.371902094683%","--","--","$85.35","16.371902094682724%","No","","08/27/2025","","","","","","",""
"BABA 10/17/2025 130.00 C","CALL ALIBABA GROUP HLDG LTD $130 EXP 10/17/25","08/27/2025","3","$4.67","FIFO","$1,402.01","$1,729.63","-$327.62","-18.941623352971%","--","--","-$327.62","-18.941623352971444%","No","","08/27/2025","$1,666.98","-$264.97","-15.8952117002%","","","-$264.97","-15.895211700200365%"
"OKLO 09/12/2025 75.00 C","CALL OKLO INC $75 EXP 09/12/25","08/26/2025","2","$7.24","FIFO","$1,448.67","$781.32","$667.35","85.41314698203%","--","--","$667.35","85.41314698203041%","No","","08/26/2025","","","","","","",""
"ONDS","ONDAS HLDGS INC","08/25/2025","250","$4.81","FIFO","$1,203.39","$1,023.09","$180.30","17.623083013225%","--","--","$180.30","17.623083013224644%","No","","08/25/2025","$982.50","$220.89","22.482442748092%","","","$220.89","22.482442748091604%"
"TSLA 08/29/2025 360.00 C","CALL TESLA INC $360 EXP 08/29/25","08/25/2025","5","$2.47","FIFO","$1,236.69","$1,383.30","-$117.29","-8.478999493964%","--","--","-$117.29","-8.47899949396371%","Yes","$29.32","08/25/2025","","","","","","",""
"SOFI 09/12/2025 24.00 C","CALL SOFI TECHNOLOGIES INC $24 EXP 09/12/25","08/25/2025","2","$2.64","FIFO","$528.67","$301.32","$227.35","75.451347404752%","--","--","$227.35","75.45134740475243%","No","","08/25/2025","","","","","","",""
"ETHA 09/05/2025 36.00 C","CALL ISHRS ETHEREUM TRST $36 EXP 09/05/25","08/25/2025","4","$1.38","FIFO","$553.35","$1,002.64","-$449.29","-44.810699752653%","--","--","-$449.29","-44.810699752653%","No","","08/25/2025","","","","","","",""
"GOOGL 09/05/2025 205.00 C","CALL ALPHABET INC $205 EXP 09/05/25","08/25/2025","1","$7.74","FIFO","$774.34","$500.66","$273.68","54.663843726281%","--","--","$273.68","54.6638437262813%","No","","08/25/2025","","","","","","",""
"BABA 10/17/2025 130.00 C","CALL ALIBABA GROUP HLDG LTD $130 EXP 10/17/25","08/25/2025","3","$5.74","FIFO","$1,723.01","$1,721.98","$63.68","3.698068502538%","--","--","$63.68","3.698068502537776%","Yes","$62.65","08/25/2025","","","","","","",""
"SOFI 09/12/2025 24.00 C","CALL SOFI TECHNOLOGIES INC $24 EXP 09/12/25","08/22/2025","7","$1.99","FIFO","$1,395.35","$1,054.63","$340.72","32.307065037027%","--","--","$340.72","32.30706503702721%","No","","08/22/2025","","","","","","",""
"SQQQ 08/22/2025 17.50 C","CALL PROSHARES TR $17.5 EXP 08/22/25","08/19/2025","10","$0.66","FIFO","$663.36","$606.61","$56.75","9.355269448245%","--","--","$56.75","9.355269448245165%","No","","08/19/2025","","","","","","",""
"TEM 09/05/2025 75.00 C","CALL TEMPUS AI INC $75 EXP 09/05/25","08/18/2025","1","$7.09","FIFO","$709.34","$480.66","$228.68","47.576249323846%","--","--","$228.68","47.576249323846376%","No","","08/18/2025","","","","","","",""
"OPEN","OPENDOOR TECHNOLOGIE","08/15/2025","1,000","$3.23","FIFO","$3,231.33","$2,800.00","$431.33","15.404642857143%","--","--","$431.33","15.404642857142855%","No","","08/15/2025","","","","","","",""
"TEM 09/05/2025 66.00 C","CALL TEMPUS AI INC $66 EXP 09/05/25","08/15/2025","1","$9.99","FIFO","$999.34","$465.66","$533.68","114.607224154963%","--","--","$533.68","114.60722415496282%","No","","08/15/2025","","","","","","",""
"SOFI 09/05/2025 22.50 C","CALL SOFI TECHNOLOGIES INC $22.5 EXP 09/05/25","08/14/2025","10","$1.42","FIFO","$1,419.36","$1,456.61","-$37.25","-2.557307721353%","--","--","-$37.25","-2.5573077213530047%","No","","08/14/2025","","","","","","",""
"BABA 08/15/2025 125.00 C","CALL ALIBABA GROUP HLDG LTD $125 EXP 08/15/25","08/13/2025","2","$1.99","FIFO","$398.67","$261.32","$137.35","52.560079595898%","--","--","$137.35","52.56007959589775%","No","","08/13/2025","","","","","","",""
"SOFI 09/05/2025 22.50 C","CALL SOFI TECHNOLOGIES INC $22.5 EXP 09/05/25","08/11/2025","3","$1.31","FIFO","$394.01","$391.98","$2.03","0.517883565488%","--","--","$2.03","0.517883565488035%","No","","08/11/2025","","","","","","",""
"BITX 08/08/2025 65.00 C","CALL VOLATILITY SHS TR $65 EXP 08/08/25","08/08/2025","10","$0.00","FIFO","$0.00","$146.61","-$146.61","-100%","--","--","-$146.61","-100%","No","","08/08/2025","","","","","","",""
"BITX 08/08/2025 64.00 C","CALL VOLATILITY SHS TR $64 EXP 08/08/25","08/08/2025","1","$0.00","FIFO","$0.00","$235.66","-$235.66","-100%","--","--","-$235.66","-100%","No","","08/08/2025","","","","","","",""
"ETHA 09/05/2025 29.00 C","CALL ISHRS ETHEREUM TRST $29 EXP 09/05/25","08/08/2025","1","$3.14","FIFO","$314.34","$235.66","$78.68","33.387083085802%","--","--","$78.68","33.387083085801585%","No","","08/08/2025","","","","","","",""
"ETHA 08/29/2025 28.00 C","CALL ISHRS ETHEREUM TRST $28 EXP 08/29/25","08/08/2025","3","$3.54","FIFO","$1,063.01","$586.98","$476.03","81.098163480868%","--","--","$476.03","81.09816348086817%","No","","08/08/2025","","","","","","",""
"BITX 08/08/2025 60.00 C","CALL VOLATILITY SHS TR $60 EXP 08/08/25","08/07/2025","2","$1.29","FIFO","$258.67","$369.32","-$110.65","-29.960467886927%","--","--","-$110.65","-29.96046788692733%","No","","08/07/2025","","","","","","",""
"SBET 08/08/2025 21.00 C","CALL SHARPLINK GAMING INC $21 EXP 08/08/25","08/07/2025","1","$1.69","FIFO","$169.34","$155.66","$13.68","8.788384941539%","--","--","$13.68","8.788384941539253%","No","","08/07/2025","","","","","","",""
"MU 09/19/2025 115.00 C","CALL MICRON TECHNOLOGY INC $115 EXP 09/19/25","08/07/2025","2","$5.09","FIFO","$1,018.67","$821.32","$197.35","24.028393318073%","--","--","$197.35","24.028393318073345%","No","","08/07/2025","","","","","","",""
"TSLL","DIREXION DAILY TSLA BULL 2X SHAR ETF","08/04/2025","50","$10.53","FIFO","$526.57","$791.53","-$264.96","-33.474410319255%","--","--","-$264.96","-33.47441031925512%","No","","08/04/2025","","","","","","",""
"MSTU 08/01/2025 8.50 C","CALL T REX 2X LONG MSTR DAILY TARGET ETF $8.5 EXP 08/01/25","08/01/2025","5","$0.00","FIFO","$0.00","$118.30","-$118.30","-100%","--","--","-$118.30","-100%","No","","08/01/2025","","","","","","",""
"RKLB 10/17/2025 40.00 C","CALL ROCKET LAB CORP $40 EXP 10/17/25","07/30/2025","2","$8.29","FIFO","$1,658.67","$1,361.32","$297.35","21.842770252402%","--","--","$297.35","21.842770252402083%","No","","07/30/2025","","","","","","",""
"ONDS","ONDAS HLDGS INC","07/29/2025","200","$1.90","FIFO","$380.93","$421.52","$0.00","0%","--","--","$0.00","0%","Yes","$40.59","07/29/2025","","","","","","",""
"RKLB 08/22/2025 50.00 C","CALL ROCKET LAB CORP $50 EXP 08/22/25","07/29/2025","5","$2.44","FIFO","$1,221.69","$2,053.30","-$831.61","-40.501144499099%","--","--","-$831.61","-40.501144499099006%","No","","07/29/2025","","","","","","",""
"RKLB 08/22/2025 48.00 C","CALL ROCKET LAB CORP $48 EXP 08/22/25","07/29/2025","5","$2.99","FIFO","$1,496.69","$2,453.30","-$956.61","-38.99278522806%","--","--","-$956.61","-38.992785228060164%","No","","07/29/2025","","","","","","",""
"RDW 08/15/2025 19.00 C","CALL REDWIRE CORP $19 EXP 08/15/25","07/29/2025","5","$0.34","FIFO","$171.69","$1,003.30","-$831.61","-82.887471344563%","--","--","-$831.61","-82.88747134456294%","No","","07/29/2025","","","","","","",""
"UGL 08/15/2025 37.00 C","CALL PROSHR GOLD 2X $37 EXP 08/15/25","07/29/2025","10","$0.19","FIFO","$193.36","$1,556.61","-$1,363.25","-87.578134535947%","--","--","-$1,363.25","-87.5781345359467%","No","","07/29/2025","","","","","","",""
"LUNR 08/15/2025 12.50 C","CALL INTUITIVE MACHS INC $12.5 EXP 08/15/25","07/29/2025","2","$1.25","FIFO","$250.67","$381.32","-$130.65","-34.262561628029%","--","--","-$130.65","-34.262561628028955%","No","","07/29/2025","","","","","","",""
"GRAB 08/15/2025 5.50 C","CALL GRAB HLDGS LTD $5.5 EXP 08/15/25","07/29/2025","10","$0.25","FIFO","$253.36","$336.61","-$83.25","-24.731885564897%","--","--","-$83.25","-24.73188556489706%","No","","07/29/2025","","","","","","",""
"GLXY 08/08/2025 32.00 C","CALL GALAXY DIGITAL INC $32 EXP 08/08/25","07/29/2025","8","$1.37","FIFO","$1,098.69","$2,285.29","-$1,186.60","-51.923388278949%","--","--","-$1,186.60","-51.923388278949275%","No","","07/29/2025","","","","","","",""
"GLXY 08/08/2025 32.00 C","CALL GALAXY DIGITAL INC $32 EXP 08/08/25","07/29/2025","2","$1.10","FIFO","$220.67","$571.32","-$350.65","-61.375411328152%","--","--","-$350.65","-61.37541132815234%","No","","07/29/2025","","","","","","",""
"QBTS 08/01/2025 20.00 C","CALL D-WAVE QUANTUM INC $20 EXP 08/01/25","07/29/2025","5","$0.29","FIFO","$146.69","$763.30","-$616.61","-80.782130224027%","--","--","-$616.61","-80.78213022402726%","No","","07/29/2025","","","","","","",""
"ETHU 07/25/2025 120.00 C","CALL VOLATILITY SHS TR 2X ETHER ETF $120 EXP 07/25/25","07/25/2025","2","$0.00","FIFO","$0.00","$1,223.32","-$1,223.32","-100%","--","--","-$1,223.32","-100%","No","","07/25/2025","","","","","","",""
"ETHU 07/25/2025 115.00 C","CALL VOLATILITY SHS TR 2X ETHER ETF $115 EXP 07/25/25","07/25/2025","1","$0.19","FIFO","$19.34","$330.66","-$311.32","-94.151091755882%","--","--","-$311.32","-94.15109175588216%","No","","07/25/2025","","","","","","",""
"QBTS 08/01/2025 18.50 C","CALL D-WAVE QUANTUM INC $18.5 EXP 08/01/25","07/22/2025","5","$0.91","FIFO","$456.69","$928.30","-$471.61","-50.803619519552%","--","--","-$471.61","-50.803619519551866%","No","","07/22/2025","","","","","","",""
"RGTI 08/01/2025 14.00 C","CALL RIGETTI COMPUTING INC $14 EXP 08/01/25","07/21/2025","1","$2.39","FIFO","$239.34","$108.66","$130.68","120.265046935395%","--","--","$130.68","120.26504693539482%","No","","07/21/2025","","","","","","",""
"RDW 08/15/2025 19.00 C","CALL REDWIRE CORP $19 EXP 08/15/25","07/21/2025","5","$1.42","FIFO","$711.69","$1,003.31","-$291.62","-29.065792227726%","--","--","-$291.62","-29.065792227726227%","No","","07/21/2025","","","","","","",""
"RCAT 08/22/2025 10.00 C","CALL RED CAT HLDGS INC $10 EXP 08/22/25","07/21/2025","10","$0.96","FIFO","$963.36","$2,006.60","-$1,043.24","-51.9904315758%","--","--","-$1,043.24","-51.99043157579987%","No","","07/21/2025","","","","","","",""
"OKLO 08/01/2025 67.50 C","CALL OKLO INC $67.5 EXP 08/01/25","07/21/2025","1","$5.74","FIFO","$574.34","$495.66","$78.68","15.873784449017%","--","--","$78.68","15.873784449017473%","No","","07/21/2025","","","","","","",""
"OKLO 08/15/2025 65.00 C","CALL OKLO INC $65 EXP 08/15/25","07/21/2025","4","$5.89","FIFO","$2,357.35","$2,402.64","-$45.29","-1.885009822529%","--","--","-$45.29","-1.8850098225285519%","No","","07/21/2025","","","","","","",""
"GRAB 08/15/2025 5.50 C","CALL GRAB HLDGS LTD $5.5 EXP 08/15/25","07/21/2025","10","$0.26","FIFO","$263.36","$336.61","-$73.25","-21.761088500045%","--","--","-$73.25","-21.76108850004456%","No","","07/21/2025","","","","","","",""
"GLXY 08/01/2025 25.00 C","CALL GALAXY DIGITAL INC $25 EXP 08/01/25","07/21/2025","5","$3.29","FIFO","$1,646.69","$1,153.30","$493.39","42.780716205671%","--","--","$493.39","42.780716205670686%","No","","07/21/2025","","","","","","",""
"GLXY 08/01/2025 25.00 C","CALL GALAXY DIGITAL INC $25 EXP 08/01/25","07/21/2025","5","$5.59","FIFO","$2,796.69","$1,153.31","$1,643.38","142.492478171524%","--","--","$1,643.38","142.49247817152371%","No","","07/21/2025","","","","","","",""
"QBTS 08/01/2025 18.50 C","CALL D-WAVE QUANTUM INC $18.5 EXP 08/01/25","07/21/2025","5","$1.74","FIFO","$871.69","$928.31","-$56.62","-6.099255636587%","--","--","-$56.62","-6.099255636586916%","No","","07/21/2025","","","","","","",""
"ACHR 08/08/2025 12.50 C","CALL ARCHER AVIATION INC $12.5 EXP 08/08/25","07/21/2025","10","$0.96","FIFO","$963.36","$1,136.61","-$173.25","-15.242695383641%","--","--","-$173.25","-15.242695383640829%","No","","07/21/2025","","","","","","",""
"ETHU 07/18/2025 103.00 C","CALL VOLATILITY SHS TR 2X ETHER ETF $103 EXP 07/18/25","07/18/2025","1","$5.70","FIFO","$570.34","$300.66","$269.68","89.69600212865%","--","--","$269.68","89.69600212865029%","No","","07/18/2025","","","","","","",""
"RKLB 10/17/2025 40.00 C","CALL ROCKET LAB CORP $40 EXP 10/17/25","07/17/2025","1","$14.49","FIFO","$1,449.34","$680.66","$768.68","112.931566420827%","--","--","$768.68","112.93156642082684%","No","","07/17/2025","","","","","","",""
"RGTI 08/01/2025 14.00 C","CALL RIGETTI COMPUTING INC $14 EXP 08/01/25","07/17/2025","1","$2.84","FIFO","$284.34","$108.66","$175.68","161.678630590834%","--","--","$175.68","161.6786305908338%","No","","07/17/2025","","","","","","",""
"OKLO 08/15/2025 65.00 C","CALL OKLO INC $65 EXP 08/15/25","07/17/2025","1","$8.29","FIFO","$829.34","$600.66","$228.68","38.071454733127%","--","--","$228.68","38.0714547331269%","No","","07/17/2025","","","","","","",""
"ETHU 07/18/2025 80.00 C","CALL VOLATILITY SHS TR 2X ETHER ETF $80 EXP 07/18/25","07/16/2025","3","$9.09","FIFO","$2,728.01","$1,693.98","$1,034.03","61.041452673585%","--","--","$1,034.03","61.04145267358528%","No","","07/16/2025","","","","","","",""
"ETHU 07/18/2025 80.00 C","CALL VOLATILITY SHS TR 2X ETHER ETF $80 EXP 07/18/25","07/16/2025","2","$10.19","FIFO","$2,038.67","$1,129.32","$909.35","80.521906988276%","--","--","$909.35","80.52190698827614%","No","","07/16/2025","","","","","","",""
"RKLB 08/15/2025 38.00 C","CALL ROCKET LAB CORP $38 EXP 08/15/25","07/15/2025","3","$8.80","FIFO","$2,641.01","$1,521.98","$1,119.03","73.524619245982%","--","--","$1,119.03","73.52461924598221%","No","","07/15/2025","","","","","","",""
"Total","","","","","","$155,018.25","$158,965.07","-$3,713.01","-2.333771110656461%","$0.00","N/A","-$3,713.01","-2.333771110656461%","","","","","","","","","",""
